target_time,month,r,r2,kappa,mae,rmse,scale,model,protocol,validation_loss,epochs_trained
2015-01-01,1,0.35250468491457526,-13.646404634132569,-0.00790400229934618,1.6887545607059986,1.7732708604664773,1,spatial_residual_cnn,causal_pdi_recursive,2.192824363708496,39
2015-02-01,2,0.02075979381856764,-41.188286300840716,-0.01179679750602225,1.6529318198287815,1.717689658648342,1,spatial_residual_cnn,causal_pdi_recursive,2.192824363708496,39
2015-03-01,3,0.15333125202734796,-1.8195411882410895,0.08471580867681439,0.7417143526117325,0.9216798223359327,1,spatial_residual_cnn,causal_pdi_recursive,2.192824363708496,39
2015-04-01,4,-0.2219099892384017,-0.9976169868508906,-0.12066187407040152,0.6591331668863625,0.8678988570187556,1,spatial_residual_cnn,causal_pdi_recursive,2.192824363708496,39
2015-05-01,5,0.16961694234859304,-10.660569316557764,0.0012612158120427486,1.5748439316035834,1.6690022850052997,1,spatial_residual_cnn,causal_pdi_recursive,2.192824363708496,39
2015-06-01,6,0.10037855598736777,-0.4053340593253627,0.06272709887167716,0.7140135990716098,0.8560042074828813,1,spatial_residual_cnn,causal_pdi_recursive,2.192824363708496,39
2015-07-01,7,-0.15102584593407734,-1.1266721584803152,-0.17293233082706738,0.6435156555045692,0.8889348105928084,1,spatial_residual_cnn,causal_pdi_recursive,2.192824363708496,39
2015-08-01,8,-0.03098364942516037,-0.6453418369535728,0.023703174319575804,0.7475679580003144,1.0058537144591204,1,spatial_residual_cnn,causal_pdi_recursive,2.192824363708496,39
2015-09-01,9,0.02744017530145983,-3.262245426573662,0.04791887592788968,0.7000755515737784,0.8224913925442909,1,spatial_residual_cnn,causal_pdi_recursive,2.192824363708496,39
2015-10-01,10,0.2330899563653757,-3.4672277912830243,0.03256381381381379,0.9239071321538102,1.0874234413257322,1,spatial_residual_cnn,causal_pdi_recursive,2.192824363708496,39
2015-11-01,11,0.04458145467710875,-2.7782997455533756,0.04397658517388947,0.8601746867001625,0.9988156978481261,1,spatial_residual_cnn,causal_pdi_recursive,2.192824363708496,39
2015-12-01,12,0.10272624690333032,-7.192151847926166,-0.0176465668645982,1.3602374473730112,1.4834231479937108,1,spatial_residual_cnn,causal_pdi_recursive,2.192824363708496,39
2015-01-01,1,0.9242506434082943,-2.52100405688946,-0.1021311284499824,1.3656636155875583,1.4043074883977509,3,spatial_residual_cnn,causal_pdi_recursive,1.2244253158569336,36
2015-02-01,2,0.6709531410553748,-3.0043330086744753,0.0008630734043930666,0.757015399872174,0.82584288241392,3,spatial_residual_cnn,causal_pdi_recursive,1.2244253158569336,36
2015-03-01,3,0.7191776565486517,-0.49384784077027843,0.19952634695085847,0.37223439804422725,0.43185072243249883,3,spatial_residual_cnn,causal_pdi_recursive,1.2244253158569336,36
2015-04-01,4,0.4474699255205542,-13.273576040104171,-0.011435289088382872,1.4563316724318829,1.5042338439798992,3,spatial_residual_cnn,causal_pdi_recursive,1.2244253158569336,36
2015-05-01,5,0.34481309531379667,-5.326943360318845,-0.015588010343446035,1.2258899594205435,1.3253294602396948,3,spatial_residual_cnn,causal_pdi_recursive,1.2244253158569336,36
2015-06-01,6,0.25912403129100375,-4.735336411725512,-0.01217411727863471,1.0256362696808736,1.129487448978615,3,spatial_residual_cnn,causal_pdi_recursive,1.2244253158569336,36
2015-07-01,7,0.21877912718770817,-4.064333434250027,-0.028438469493278218,1.248753872618886,1.383734343244568,3,spatial_residual_cnn,causal_pdi_recursive,1.2244253158569336,36
2015-08-01,8,0.045540983015347945,-0.4464254085391577,0.10021629416005762,0.7038072827428171,0.9330437089333704,3,spatial_residual_cnn,causal_pdi_recursive,1.2244253158569336,36
2015-09-01,9,0.32719615990588247,-0.4840397729128647,0.16038620172478446,0.3806443060848647,0.49500408310590704,3,spatial_residual_cnn,causal_pdi_recursive,1.2244253158569336,36
2015-10-01,10,0.5668976376001938,0.04599778755157624,0.05765693262819038,0.4268661422872619,0.5498735196070746,3,spatial_residual_cnn,causal_pdi_recursive,1.2244253158569336,36
2015-11-01,11,0.501409991285012,-0.7020308756056024,-0.03098673380459016,0.7276928961011438,0.8133374761613129,3,spatial_residual_cnn,causal_pdi_recursive,1.2244253158569336,36
2015-12-01,12,0.5608242984695601,-7.9527909779467905,-0.04114411441144106,1.5989822459492387,1.663968498261679,3,spatial_residual_cnn,causal_pdi_recursive,1.2244253158569336,36
2015-01-01,1,0.8839114912994662,-7.437802110245693,-0.03403207704282951,1.6417624111198508,1.6695869797322263,6,spatial_residual_cnn,causal_pdi_recursive,1.0540330410003662,37
2015-02-01,2,0.841202181919928,-1.3769959987950195,0.0012885452768152117,0.8511847128915166,0.9408944100732543,6,spatial_residual_cnn,causal_pdi_recursive,1.0540330410003662,37
2015-03-01,3,0.590900431122578,-0.5331183961925634,0.015872197887142447,0.7563545559382441,0.9047109200513602,6,spatial_residual_cnn,causal_pdi_recursive,1.0540330410003662,37
2015-04-01,4,0.44194858335759213,-1.0381463215728202,-0.03284308854218421,0.9079421750024594,1.0588989920946548,6,spatial_residual_cnn,causal_pdi_recursive,1.0540330410003662,37
2015-05-01,5,0.14312090977034986,-3.2467026371675693,0.030364551151911057,0.985510501970967,1.1268164528877074,6,spatial_residual_cnn,causal_pdi_recursive,1.0540330410003662,37
2015-06-01,6,0.04210818463139553,-0.8455769218388087,0.03332504352151189,0.5067289967785198,0.5875156451378846,6,spatial_residual_cnn,causal_pdi_recursive,1.0540330410003662,37
2015-07-01,7,-0.07558479901413495,-3.3115561572441443,-0.03661107916427064,0.9666831569139842,1.1809360481161084,6,spatial_residual_cnn,causal_pdi_recursive,1.0540330410003662,37
2015-08-01,8,-0.08827715716641248,-1.1424640820919305,0.09165154264972786,0.6015271446791244,0.7894126419882462,6,spatial_residual_cnn,causal_pdi_recursive,1.0540330410003662,37
2015-09-01,9,-0.052422020059692924,-1.0354364400678913,-0.022391577624135683,0.5910543536906934,0.7904598357727431,6,spatial_residual_cnn,causal_pdi_recursive,1.0540330410003662,37
2015-10-01,10,0.1324280925794557,-0.08038042927010847,0.07760747663551404,0.5684300627174939,0.7096431229334998,6,spatial_residual_cnn,causal_pdi_recursive,1.0540330410003662,37
2015-11-01,11,0.03485268996693079,-1.8915093603600872,-0.12374439990568264,0.9190876661064619,1.0558369260813594,6,spatial_residual_cnn,causal_pdi_recursive,1.0540330410003662,37
2015-12-01,12,-0.007513022916987084,-4.94938430613283,-0.03776067626300894,1.4440842059037793,1.6051068263840707,6,spatial_residual_cnn,causal_pdi_recursive,1.0540330410003662,37
2015-01-01,1,0.7442789208505077,-5.654476484859948,-0.048071630398884624,1.4874112727338555,1.5423815907525023,9,spatial_residual_cnn,causal_pdi_recursive,0.6811991333961487,65
2015-02-01,2,0.6626291580925113,-1.0079423437641224,-0.027795296873592168,0.7544902195156765,0.8844595505021923,9,spatial_residual_cnn,causal_pdi_recursive,0.6811991333961487,65
2015-03-01,3,0.4369223784925561,-0.4361819780307057,0.06624967422465478,0.6823181712622293,0.89657801404601,9,spatial_residual_cnn,causal_pdi_recursive,0.6811991333961487,65
2015-04-01,4,0.29598177405871734,-0.676948957120961,0.08535522634499837,0.6663120366818837,0.8535849520204748,9,spatial_residual_cnn,causal_pdi_recursive,0.6811991333961487,65
2015-05-01,5,0.14556156572500703,-0.21246695611598776,-0.06715046416285753,0.6812628606960178,0.8336001581585064,9,spatial_residual_cnn,causal_pdi_recursive,0.6811991333961487,65
2015-06-01,6,-0.3446594484600364,-1.1844201170392816,-0.1468966492294641,1.0121702650069593,1.1931960176262224,9,spatial_residual_cnn,causal_pdi_recursive,0.6811991333961487,65
2015-07-01,7,-0.2552839585577665,-1.167346320480703,-0.17100674788279524,1.0903331686338011,1.2835987563375741,9,spatial_residual_cnn,causal_pdi_recursive,0.6811991333961487,65
2015-08-01,8,-0.21724132395821383,-3.56421416219869,-0.022556390977443552,0.9829852088922559,1.17406064952864,9,spatial_residual_cnn,causal_pdi_recursive,0.6811991333961487,65
2015-09-01,9,-0.22892002786897184,-7.243474066864744,0.0577521720949683,1.2091937647523245,1.4402450898147825,9,spatial_residual_cnn,causal_pdi_recursive,0.6811991333961487,65
2015-10-01,10,-0.039960734350574414,-10.815804390973394,0.009260296478846963,1.8526325608168486,2.042786903966518,9,spatial_residual_cnn,causal_pdi_recursive,0.6811991333961487,65
2015-11-01,11,-0.32074225407998663,-2.1088221340347277,0.056919642857142905,0.9778825102875717,1.29130386283966,9,spatial_residual_cnn,causal_pdi_recursive,0.6811991333961487,65
2015-12-01,12,-0.14342075822358602,-1.3962159545210402,-0.0030967741935483684,0.7609908146000569,0.9479391703781327,9,spatial_residual_cnn,causal_pdi_recursive,0.6811991333961487,65
2015-01-01,1,0.856017289422546,0.19842434114558472,0.7016242937853108,0.31501287269922273,0.45950442214913995,12,spatial_residual_cnn,causal_pdi_recursive,0.44592049717903137,36
2015-02-01,2,0.7942820153402178,-2.3086304493265595,-0.002892335311424743,1.1433422467292735,1.2268194666771377,12,spatial_residual_cnn,causal_pdi_recursive,0.44592049717903137,36
2015-03-01,3,0.48330879974330415,-3.9166546040490866,-0.019898874571848024,1.5510854682067543,1.7288212067076545,12,spatial_residual_cnn,causal_pdi_recursive,0.44592049717903137,36
2015-04-01,4,0.3844905925890854,-3.1070476198281582,0.016821502660773868,1.1901875536774937,1.4295524421929786,12,spatial_residual_cnn,causal_pdi_recursive,0.44592049717903137,36
2015-05-01,5,0.3956067878568176,-3.12568477886534,-0.033722334004024024,1.3846045486408767,1.6177009504806945,12,spatial_residual_cnn,causal_pdi_recursive,0.44592049717903137,36
2015-06-01,6,0.3489628890870025,-2.794373258332549,-0.027478900843966203,1.36675986940739,1.6336374987869824,12,spatial_residual_cnn,causal_pdi_recursive,0.44592049717903137,36
2015-07-01,7,0.3867185483206267,-1.831253637397774,0.06745658311232794,1.0133459868311234,1.3030364618647756,12,spatial_residual_cnn,causal_pdi_recursive,0.44592049717903137,36
2015-08-01,8,0.3788413998935644,-1.700404081495201,0.07686305111197822,0.9412486570667099,1.2477521456768135,12,spatial_residual_cnn,causal_pdi_recursive,0.44592049717903137,36
2015-09-01,9,0.2479298283330806,-1.8653710025740295,0.0799713031735313,1.1298473459664677,1.4958297627736934,12,spatial_residual_cnn,causal_pdi_recursive,0.44592049717903137,36
2015-10-01,10,0.17380698705487707,-1.7377929048778884,0.09163040696186353,1.0918327617540933,1.4886233541262814,12,spatial_residual_cnn,causal_pdi_recursive,0.44592049717903137,36
2015-11-01,11,-0.06430832127268923,-1.8478394819641584,0.10217540645752221,0.8603940389403522,1.2228712613210035,12,spatial_residual_cnn,causal_pdi_recursive,0.44592049717903137,36
2015-12-01,12,-0.11263304121679424,-2.751512145421264,0.09500647061448508,0.8992752745033679,1.3262611424338417,12,spatial_residual_cnn,causal_pdi_recursive,0.44592049717903137,36
2015-01-01,1,0.7341311523698046,-3.6014240383773153,0.0,1.4319415301932463,1.5103841628623622,18,spatial_residual_cnn,causal_pdi_recursive,0.6240396499633789,42
2015-02-01,2,0.5721935442807782,-1.6583245193582594,0.20744827586206904,1.2377327775217686,1.432967179481525,18,spatial_residual_cnn,causal_pdi_recursive,0.6240396499633789,42
2015-03-01,3,0.4699130615829113,-2.1491920468934547,0.02392739273927391,1.341422678349057,1.5315140474510636,18,spatial_residual_cnn,causal_pdi_recursive,0.6240396499633789,42
2015-04-01,4,0.4066315313585457,-1.9251898148733644,0.012911158930218325,1.139008041051149,1.330300056623564,18,spatial_residual_cnn,causal_pdi_recursive,0.6240396499633789,42
2015-05-01,5,0.6589842635148472,-0.48418995656924424,0.21307000642260765,0.7825963866598449,0.9040873423429113,18,spatial_residual_cnn,causal_pdi_recursive,0.6240396499633789,42
2015-06-01,6,0.4878933565161015,-0.16032903196385262,0.17299607140395623,0.7052919989336737,0.8714804987720315,18,spatial_residual_cnn,causal_pdi_recursive,0.6240396499633789,42
2015-07-01,7,0.3916103533474456,-0.13563102389034354,0.18815052041633307,0.5981444286199393,0.7667486956891709,18,spatial_residual_cnn,causal_pdi_recursive,0.6240396499633789,42
2015-08-01,8,0.37787042204178845,-0.7680556288346798,-0.005538010892947254,0.8131918120790405,1.002043341478594,18,spatial_residual_cnn,causal_pdi_recursive,0.6240396499633789,42
2015-09-01,9,0.205835489198018,-1.1671040185649364,0.05449647741400754,1.1155817244199733,1.3873263226893429,18,spatial_residual_cnn,causal_pdi_recursive,0.6240396499633789,42
2015-10-01,10,0.1321169903357253,-0.5021718144041349,0.0026578971078475844,0.8402159371098288,1.0464844477778732,18,spatial_residual_cnn,causal_pdi_recursive,0.6240396499633789,42
2015-11-01,11,0.07117305185692344,-0.25499432519128384,0.02089320742666856,0.803462076726492,1.0147770861025587,18,spatial_residual_cnn,causal_pdi_recursive,0.6240396499633789,42
2015-12-01,12,-0.041077393419817164,-0.3433730557358916,-0.07005253940455347,1.0408873734368078,1.285345937110104,18,spatial_residual_cnn,causal_pdi_recursive,0.6240396499633789,42
2015-01-01,1,0.7599498681878386,-4.761726501749158,0.0,1.773395391820877,1.8487153081868994,24,spatial_residual_cnn,causal_pdi_recursive,0.48803696036338806,63
2015-02-01,2,0.7298239087664115,-0.9820063407821114,0.30485938396785917,1.1159121254768476,1.3009688490773934,24,spatial_residual_cnn,causal_pdi_recursive,0.48803696036338806,63
2015-03-01,3,0.6450192716048655,-0.45817354292199797,0.5047619047619047,0.7270048306209812,0.890413849850023,24,spatial_residual_cnn,causal_pdi_recursive,0.48803696036338806,63
2015-04-01,4,0.5973835612888714,-0.5173765944769522,0.5093082835183604,0.8257739182329816,1.008593254689919,24,spatial_residual_cnn,causal_pdi_recursive,0.48803696036338806,63
2015-05-01,5,0.6698543031139752,-0.13075808141196532,0.1671594717129904,0.7491032023627997,0.9032381456066677,24,spatial_residual_cnn,causal_pdi_recursive,0.48803696036338806,63
2015-06-01,6,0.6287139102215106,0.16582541857644262,0.05300023348120475,0.6749336964537316,0.822764396754743,24,spatial_residual_cnn,causal_pdi_recursive,0.48803696036338806,63
2015-07-01,7,0.612614948596999,0.2667107788830032,0.0419994846688998,0.6400558378002114,0.767608823637067,24,spatial_residual_cnn,causal_pdi_recursive,0.48803696036338806,63
2015-08-01,8,0.6012974011628507,0.3048199591326708,-0.05132192846034189,0.6253839097899926,0.7546830681826167,24,spatial_residual_cnn,causal_pdi_recursive,0.48803696036338806,63
2015-09-01,9,0.6424163726736549,0.3496951032441925,-0.042929970485645175,0.698966173616024,0.8641144030368183,24,spatial_residual_cnn,causal_pdi_recursive,0.48803696036338806,63
2015-10-01,10,0.6204739571266931,0.3742770688675928,0.16034327009936755,0.5643837578115228,0.6883767277547157,24,spatial_residual_cnn,causal_pdi_recursive,0.48803696036338806,63
2015-11-01,11,0.5627260216533946,0.03494519457646339,0.045916447120813,0.5955746994386938,0.6931504979692558,24,spatial_residual_cnn,causal_pdi_recursive,0.48803696036338806,63
2015-12-01,12,0.40300743306029807,0.05316362474828096,0.1897260273972603,0.6982692028111736,0.8913667596818707,24,spatial_residual_cnn,causal_pdi_recursive,0.48803696036338806,63
2015-01-01,1,0.9546734376897185,0.14894859259216753,0.13132870727319446,0.6916122600494131,0.7372256103640765,48,spatial_residual_cnn,causal_pdi_recursive,0.14937716722488403,37
2015-02-01,2,0.914593982228978,0.7246515222438834,0.5002956830277943,0.3504915848452644,0.44172342869213094,48,spatial_residual_cnn,causal_pdi_recursive,0.14937716722488403,37
2015-03-01,3,0.7541039733676481,-0.5343615330111775,0.18311060562979808,1.011086122298288,1.1948236637480838,48,spatial_residual_cnn,causal_pdi_recursive,0.14937716722488403,37
2015-04-01,4,0.7450124611796113,-0.931068012272346,0.12339612339612327,1.1463341099384377,1.306537363449574,48,spatial_residual_cnn,causal_pdi_recursive,0.14937716722488403,37
2015-05-01,5,0.7326414187160792,-0.47833180356344296,0.1699625177717462,0.9754561602483311,1.1708439064081646,48,spatial_residual_cnn,causal_pdi_recursive,0.14937716722488403,37
2015-06-01,6,0.716530905926916,-0.4147818556319225,0.1711519114688128,0.9388035851243719,1.1473718580505343,48,spatial_residual_cnn,causal_pdi_recursive,0.14937716722488403,37
2015-07-01,7,0.7020428101508537,-0.5261995814628586,0.16869212962962965,0.9817279262599331,1.1867962584886667,48,spatial_residual_cnn,causal_pdi_recursive,0.14937716722488403,37
2015-08-01,8,0.6971596470064108,-0.34821345436194195,0.1407173285694655,0.920566230130194,1.1390649665273482,48,spatial_residual_cnn,causal_pdi_recursive,0.14937716722488403,37
2015-09-01,9,0.6745955612969599,0.025013414093418396,0.2331024599952234,0.7858235103819657,1.0586219823462972,48,spatial_residual_cnn,causal_pdi_recursive,0.14937716722488403,37
2015-10-01,10,0.6704686293727566,0.0711102790665954,0.17687772366059984,0.6414522948433307,0.8946154654526572,48,spatial_residual_cnn,causal_pdi_recursive,0.14937716722488403,37
2015-11-01,11,0.7325985373194812,0.3102566640721449,0.21247087540219678,0.5604918104608408,0.7352438635782881,48,spatial_residual_cnn,causal_pdi_recursive,0.14937716722488403,37
2015-12-01,12,0.6480603538760734,-0.6402436040979529,0.13775510204081642,0.9838491598309893,1.1823616833676258,48,spatial_residual_cnn,causal_pdi_recursive,0.14937716722488403,37
