scale,model,protocol,month,horizon_months,r,r2,kappa,mae,rmse,selected_by_validation,validation_rmse
1,persistence_last,causal,1,1,0.30625855929344475,-1.4186325397395216,-0.008983372391474065,0.5734811485657029,0.7206004171204351,,
1,persistence_last,causal,2,2,0.010763916540371446,-110.21082292303115,0.0,2.735104512668524,2.7888315688552403,,
1,persistence_last,causal,3,3,0.2639975089765276,-20.33471460407398,-0.005067389238835984,2.456804669965896,2.53532872594075,,
1,persistence_last,causal,4,4,-0.2811083662059247,-9.969586189831842,-0.0018434845472619088,1.83568301450871,2.0337994597191162,,
1,persistence_last,causal,5,5,0.6032145667165715,-36.34756632540601,0.0,2.9556631817259165,2.986951750932779,,
1,persistence_last,causal,6,6,0.3577281726847981,-9.538821764740096,-0.01694186754539917,2.234169091695603,2.344132430484948,,
1,persistence_last,causal,7,7,-0.17242187106089799,-8.900589479485305,0.023476396409492284,1.7915299817223616,1.9180069092595093,,
1,persistence_last,causal,8,8,-0.3060467280004783,-3.723100870433033,0.012843074849290592,1.4675780170177064,1.7041992271259818,,
1,persistence_last,causal,9,9,0.5138830022960073,-40.68953787182166,-0.00280889013728447,2.5347078137509564,2.572324033997914,,
1,persistence_last,causal,10,10,0.16851525693407912,-6.656912066962475,-0.011324470704086709,1.2748458398110871,1.4236606173822768,,
1,persistence_last,causal,11,11,0.43860406459552453,-4.509355035582153,-0.05819277579931903,1.084924349809075,1.2061117124976604,,
1,persistence_last,causal,12,12,0.23381211490135534,-1.1213335536717826,-0.0321074138937536,0.6686121287430816,0.7548671659127318,,
1,seasonal_persistence,causal,1,1,0.40772725090002787,-2.4952174746252926,0.1898647491867832,0.678849647913354,0.8662568162607558,,
1,seasonal_persistence,causal,2,2,-0.34267926377559627,-101.43553059571708,0.0,2.6152058402752725,2.676542041251825,,
1,seasonal_persistence,causal,3,3,-0.2547702440409799,-10.674499705998286,0.014450761048963812,1.7276687134378959,1.875469464565245,,
1,seasonal_persistence,causal,4,4,-0.6339493721240814,-3.6706753160414376,0.055032371983519734,1.1163154884178232,1.3270975405210061,,
1,seasonal_persistence,causal,5,5,-0.3887244500053881,-13.645889855367999,0.030604692472800066,1.6961890314155568,1.8704880399465051,,
1,seasonal_persistence,causal,6,6,-0.010337425518639668,-1.3621760776045173,-0.03363914373088672,0.9713744569057196,1.1097936790695841,,
1,seasonal_persistence,causal,7,7,0.1349210270714522,-17.032608081354727,-0.012343438010528285,2.4202340203389023,2.5885044304354348,,
1,seasonal_persistence,causal,8,8,0.5093611819922272,0.0671277247229568,0.16198347107438005,0.4941425363479221,0.7573870003056512,,
1,seasonal_persistence,causal,9,9,-0.41170884832279914,-13.30516277623997,0.011510629522702653,1.3716400089020844,1.5068101499201216,,
1,seasonal_persistence,causal,10,10,-0.3276697475976482,-0.9643715768822181,0.007423117709438043,0.5589964345593231,0.7210933032542419,,
1,seasonal_persistence,causal,11,11,0.547286280676681,-7.569454351773938,-0.04302851182197487,1.3630936669877936,1.5042282465322743,,
1,seasonal_persistence,causal,12,12,0.23381211490135534,-1.1213335536717826,-0.0321074138937536,0.6686121287430816,0.7548671659127318,,
1,ridge,causal,1,1,-0.056860321719139184,-36.159884539751225,0.0,2.7826439504820115,2.8245335741761672,False,1.4829746346432182
1,ridge,causal,2,2,-0.2081428704852813,-25.65855092677782,0.002038664323374295,1.3287267691898672,1.3654224153348358,False,1.4829746346432182
1,ridge,causal,3,3,-0.4600375185086648,-2.184793714714563,-0.002608659065090446,0.7872684073446085,0.9795610589554217,False,1.4829746346432182
1,ridge,causal,4,4,0.4934187727318414,0.11415024798550255,0.19477174682892284,0.4361206703451421,0.5779536877557638,False,1.4829746346432182
1,ridge,causal,5,5,-0.09345685439647197,-3.709538212355019,0.0,0.9337505846858064,1.0606844849439292,False,1.4829746346432182
1,ridge,causal,6,6,0.2563314758503119,-0.38597126185633535,0.036266319843929584,0.7604836744357563,0.8500867089489343,False,1.4829746346432182
1,ridge,causal,7,7,0.33872725041875823,0.07543166511264732,0.11458893068242881,0.3483361134998375,0.5861235190327542,False,1.4829746346432182
1,ridge,causal,8,8,0.31531484874199633,-0.11239018328916384,0.03985665588672316,0.5871119034047121,0.8270567822340883,False,1.4829746346432182
1,ridge,causal,9,9,-0.3438483739177409,-3.5761586319747245,0.045369869599182766,0.7523352877124834,0.8522414842966092,False,1.4829746346432182
1,ridge,causal,10,10,0.14996149384281848,-2.091735314126886,-0.010765550239234534,0.7509506898949706,0.9046504317776971,False,1.4829746346432182
1,ridge,causal,11,11,-0.25962437078533224,-1.4818048806215387,-0.011516023941207543,0.7121808964292973,0.8095076773306109,False,1.4829746346432182
1,ridge,causal,12,12,0.678361476678542,-16.854973800694854,-2.220446049250313e-16,2.147755626301752,2.1900078090882125,False,1.4829746346432182
1,mlp_11,causal,1,1,0.05919443263251864,-34.40720723008941,0.0,2.7134595732027593,2.757118293739548,True,1.4604972326876233
1,mlp_11,causal,2,2,-0.11917738405555238,-20.708039405329583,0.0043205027494107595,1.1910121438917083,1.232137170431872,True,1.4604972326876233
1,mlp_11,causal,3,3,-0.07103024127391935,-3.2346432339324336,0.021156785455715643,0.966441603301301,1.1295339057755536,True,1.4604972326876233
1,mlp_11,causal,4,4,0.527386544021899,0.16322895519605152,0.11723737666860135,0.44898572683023513,0.5617153953362953,True,1.4604972326876233
1,mlp_11,causal,5,5,0.07450410310938588,-4.079452934083225,-0.008163265306122547,0.9854257746997674,1.1015533207566675,True,1.4604972326876233
1,mlp_11,causal,6,6,0.19166501981297293,-0.09075853369089515,-0.04127467868027024,0.6558336052729123,0.754137302450026,True,1.4604972326876233
1,mlp_11,causal,7,7,0.07636139367746941,-1.6260487392615377,0.005512884043607613,0.7757838210602421,0.9878045718137899,True,1.4604972326876233
1,mlp_11,causal,8,8,-0.04464822480705473,-0.9316717042085825,-0.03872157344806393,0.8437606756680979,1.089866773816144,True,1.4604972326876233
1,mlp_11,causal,9,9,-0.03390526847575976,-4.887297739445133,0.00045848425106598256,0.8616184546722818,0.9666519580926756,True,1.4604972326876233
1,mlp_11,causal,10,10,-0.521983426188217,-0.9136752811317006,0.01484652518444296,0.5693381155414857,0.7117275303485493,True,1.4604972326876233
1,mlp_11,causal,11,11,-0.30305012653830143,-0.8667611013807768,0.005882352941176339,0.5880345291819862,0.7020717951301717,True,1.4604972326876233
1,mlp_11,causal,12,12,0.15528513841408295,-11.935176076463524,-0.0018591272625227973,1.7913011119075581,1.8640271222801732,True,1.4604972326876233
1,extra_trees,causal,1,1,0.06912042912986832,-32.73251341201219,0.0,2.648726559708094,2.691125269724016,False,1.510305787652567
1,extra_trees,causal,2,2,-0.04856097939016745,-22.70207308442187,0.0,1.2553552050738614,1.287484250608472,False,1.510305787652567
1,extra_trees,causal,3,3,-0.041803677357085935,-1.451419704313433,-0.1337704918032787,0.6997518281832723,0.8594085986082136,False,1.510305787652567
1,extra_trees,causal,4,4,-0.032626577617883144,-0.059615768565270066,-0.01113869263573286,0.4764469692439078,0.632102068484273,False,1.510305787652567
1,extra_trees,causal,5,5,0.5285058347552479,-4.947756612608251,-0.09642235908043806,1.110404347322981,1.1919928436189327,False,1.510305787652567
1,extra_trees,causal,6,6,-0.053333522845721314,-0.05117185204157271,0.0,0.6031277143750746,0.7403259539562485,False,1.510305787652567
1,extra_trees,causal,7,7,-0.0444692073469589,-0.15188355648003338,-0.01873217526575055,0.3914610745138725,0.6542201706987516,False,1.510305787652567
1,extra_trees,causal,8,8,0.2273982385041916,-0.30722016785722506,0.10148865784499062,0.6432496476860924,0.89656364255289,False,1.510305787652567
1,extra_trees,causal,9,9,-0.18003920099677087,-4.507609711778004,-0.018115480887531454,0.8497973647880592,0.9349614692949434,False,1.510305787652567
1,extra_trees,causal,10,10,-0.17125119408205858,-1.2953451128186328,-0.17699836867862961,0.6041088838503185,0.779477597204382,False,1.510305787652567
1,extra_trees,causal,11,11,-0.22624847181092192,-2.361295016745132,-0.015160183066361466,0.8280340258834022,0.942085827891252,False,1.510305787652567
1,extra_trees,causal,12,12,0.21659017793395124,-11.793444913153204,0.0,1.7833471322354504,1.8537868901521608,False,1.510305787652567
3,persistence_last,causal,1,1,0.9257604651268445,-2.0856634575150794,-0.12111702550250247,1.2796128402533782,1.3146290583989602,,
3,persistence_last,causal,2,2,0.712771333655174,-1.6894418363545545,-0.0028520171121024784,0.5930951353211019,0.6768047760561774,,
3,persistence_last,causal,3,3,0.5526836532827711,-6.000945586284915,-0.10217391304347823,0.814270840492413,0.9348863518915188,,
3,persistence_last,causal,4,4,0.2818133044441162,-26.596324056322445,-0.004422117663706704,2.0003425177667045,2.0915804665206177,,
3,persistence_last,causal,5,5,0.44784469305412944,-13.102790661811593,-0.003948491747296501,1.8890792730018244,1.9786975144730972,,
3,persistence_last,causal,6,6,0.41877722983936216,-13.654123378110933,-0.03146116399040899,1.7096335857633993,1.8054351052419033,,
3,persistence_last,causal,7,7,0.6207957616046528,-10.326857093582062,-0.011392313793352038,2.001770038351682,2.0694087671325527,,
3,persistence_last,causal,8,8,0.03470003344559549,-1.0420170766178565,-0.0167492900803774,0.9244702324425192,1.1086224084388416,,
3,persistence_last,causal,9,9,0.1943052884722361,-12.843299795364493,-0.02027863777089789,1.3787449982309696,1.5118399706321435,,
3,persistence_last,causal,10,10,0.24293557483194578,-2.549954899941775,-0.05877088305489253,0.897401785595662,1.0607170081479587,,
3,persistence_last,causal,11,11,0.3962619545723653,-0.6849544703255761,0.10469446629950185,0.6422893279009336,0.8092471000485226,,
3,persistence_last,causal,12,12,0.3408931190638316,-1.4671211761662928,0.09234102089633056,0.6833559498884416,0.873496397247814,,
3,seasonal_persistence,causal,1,1,-0.2878411152897835,-2.0981428214300215,-0.06481481481481488,1.0067338446882095,1.317284756382269,,
3,seasonal_persistence,causal,2,2,0.043107465062051334,-5.933343133619783,-0.13851974898486508,0.878804192102179,1.0866850282429137,,
3,seasonal_persistence,causal,3,3,-0.17819519537898565,-103.93501272835938,-0.00021012081947113792,3.5287807413764565,3.619434138796479,,
3,seasonal_persistence,causal,4,4,0.21524107749630214,-42.86313507588858,0.0,2.587842892634883,2.6369311698110893,,
3,seasonal_persistence,causal,5,5,0.28560713217776845,-10.296239995635839,-0.02609324177809902,1.6743190067058906,1.7708991678566368,,
3,seasonal_persistence,causal,6,6,0.0881572063175829,-1.5777086258879964,-0.03171864631718657,0.6426567445441069,0.7572144155332791,,
3,seasonal_persistence,causal,7,7,0.36916371213316385,-0.6926286962742025,0.23260301963900554,0.5695647008117979,0.799967648044405,,
3,seasonal_persistence,causal,8,8,0.35233973950683983,-3.2070673101573774,0.0073626737260094055,1.3723607712461414,1.591269351321677,,
3,seasonal_persistence,causal,9,9,0.4015632079014705,-0.3546698827354282,0.4714863870493009,0.37749627867714924,0.47293640838795803,,
3,seasonal_persistence,causal,10,10,-0.6408995814560396,-3.924604434355018,0.06570450097847369,1.0725961559852673,1.2493202824835292,,
3,seasonal_persistence,causal,11,11,0.2648921795037347,-0.5386578402073541,-0.048844960349385236,0.6584000109126448,0.7733179549145403,,
3,seasonal_persistence,causal,12,12,0.3408931190638316,-1.4671211761662928,0.09234102089633056,0.6833559498884416,0.873496397247814,,
3,ridge,causal,1,1,0.8694162750425886,-9.916570195267163,0.0,2.4410028067928105,2.4727035641239197,False,1.6100377210669188
3,ridge,causal,2,2,0.46384292507344976,-10.968090713758935,0.0008337754870005876,1.3800972636093278,1.4277256853937785,False,1.6100377210669188
3,ridge,causal,3,3,-0.5327093160973517,-3.0637759630498076,-0.032246474445342566,0.5998028151464087,0.712271138951659,False,1.6100377210669188
3,ridge,causal,4,4,-0.5041836472983564,-10.377483700938962,0.013459750883063837,1.241100863436876,1.3429878085152567,False,1.6100377210669188
3,ridge,causal,5,5,-0.5712586932097828,-3.183512398570464,0.12870413376683698,0.8936726528715926,1.0776988235087317,False,1.6100377210669188
3,ridge,causal,6,6,0.05077533542476356,-4.579966357566935,-0.007622641509433814,1.007402908369634,1.114083522874715,False,1.6100377210669188
3,ridge,causal,7,7,-0.45334811427336363,-3.338627335346165,0.08679500168861876,1.0893949206962594,1.2807599783672579,False,1.6100377210669188
3,ridge,causal,8,8,-0.06851745193933084,-0.06002675865765239,-0.009235469759044657,0.6208396880980463,0.7987527789181408,False,1.6100377210669188
3,ridge,causal,9,9,-0.3438902132420553,-2.830336508028384,-0.011586643293856058,0.6852397124951942,0.7952514617126664,False,1.6100377210669188
3,ridge,causal,10,10,0.20528516217081455,0.041285440277632146,-0.051568360040913586,0.38394483528177786,0.5512299121750449,False,1.6100377210669188
3,ridge,causal,11,11,0.3483656826067483,-0.7904015355934482,-0.16793972460379325,0.7485571115117907,0.8341848295686084,False,1.6100377210669188
3,ridge,causal,12,12,0.7952432563342935,-14.799432699272131,-0.002984969799128878,2.174755836074644,2.210480174886105,False,1.6100377210669188
3,mlp_11,causal,1,1,0.7275623005106248,-10.972529090073591,0.0,2.5096531240099242,2.5895356806408993,True,1.6000716420114227
3,mlp_11,causal,2,2,-0.638739532335541,-17.188631777491924,0.060127839370192504,1.6135330111394557,1.7600797730314826,True,1.6000716420114227
3,mlp_11,causal,3,3,-0.6518183799556124,-3.536335848975937,-0.2598730823732365,0.5858643866618104,0.7525460294903982,True,1.6000716420114227
3,mlp_11,causal,4,4,-0.31004739460634373,-13.606077442499513,-0.00011236375894219108,1.41637486785039,1.5216534629109795,True,1.6000716420114227
3,mlp_11,causal,5,5,0.09326593927979955,-3.738924570096552,-0.07294340132378774,1.0293904098050377,1.1470088704704637,True,1.6000716420114227
3,mlp_11,causal,6,6,0.30792807633365304,-1.2630651200809604,-0.06012122920778129,0.5853615895989027,0.7094968741000847,True,1.6000716420114227
3,mlp_11,causal,7,7,-0.09983190323341389,-0.6354422505989847,-0.040374160537256065,0.630899850383123,0.7863378499261297,True,1.6000716420114227
3,mlp_11,causal,8,8,-0.12694843757779364,-1.8755669288394237,-0.006290516206482799,1.0796667167439555,1.3155752909855956,True,1.6000716420114227
3,mlp_11,causal,9,9,-0.1605606664622097,-0.844786312921622,-0.1015590592794855,0.4468265687416081,0.5518982855987096,True,1.6000716420114227
3,mlp_11,causal,10,10,0.05685658279641656,-0.06759441276846179,-0.07830626450116007,0.422186379569459,0.5816895488408786,True,1.6000716420114227
3,mlp_11,causal,11,11,0.02647241093560552,-0.08128196955998845,-0.0009307047973601268,0.49244110597435203,0.6482709300424339,True,1.6000716420114227
3,mlp_11,causal,12,12,0.4176657451700133,-8.611766988434821,-0.020516551473263034,1.6476124468702709,1.7241200190143822,True,1.6000716420114227
3,extra_trees,causal,1,1,0.5524959525488253,-8.63083614255877,-0.0009813198752322005,2.2292613046685625,2.322527932896422,False,1.676587605195506
3,extra_trees,causal,2,2,-0.004169052376509796,-12.773287856040271,0.014595558196538683,1.4672317072533518,1.531620422801544,False,1.676587605195506
3,extra_trees,causal,3,3,-0.08053222195289989,-1.5199028606715794,0.046581439884064046,0.44883624380042186,0.5608831179930013,False,1.676587605195506
3,extra_trees,causal,4,4,-0.29756437425215965,-7.423352483626363,-0.0031851744606921084,1.023520664119126,1.1555571962442714,False,1.676587605195506
3,extra_trees,causal,5,5,-0.49213448841480417,-3.1831571427099146,0.08467867930423922,0.8850682932137122,1.0776530644772366,False,1.676587605195506
3,extra_trees,causal,6,6,-0.12611410746576912,-2.0221014587673074,0.04320619785458879,0.6655654551571965,0.8198916833276264,False,1.676587605195506
3,extra_trees,causal,7,7,-0.22123372611095826,-2.8069034573041676,0.0779485719707752,1.01208242388359,1.1997133890381975,False,1.676587605195506
3,extra_trees,causal,8,8,0.07883364456842035,-0.7060542744958638,-0.04126054239684862,0.7901853603275053,1.013328808154331,False,1.676587605195506
3,extra_trees,causal,9,9,-0.029963207897381237,-0.3730986116766921,-0.05413675414852315,0.40444448152206897,0.47614242020581926,False,1.676587605195506
3,extra_trees,causal,10,10,0.16772167831123908,-0.5702792136838419,0.09796204442527501,0.5283195214281066,0.7054667602126063,False,1.676587605195506
3,extra_trees,causal,11,11,0.5280388306950549,-1.4676327534998164,-0.00918064752000669,0.8706661020239373,0.9793261016131191,False,1.676587605195506
3,extra_trees,causal,12,12,0.6278792634731043,-16.75607438140909,-0.001788846018940804,2.3013258084556885,2.343361850382638,False,1.676587605195506
6,persistence_last,causal,1,1,0.8377644806143677,-6.301942557546645,-0.049689440993788914,1.5204223372463992,1.553150666640566,,
6,persistence_last,causal,2,2,0.860995680752888,-0.3919122301000255,0.07344811961939302,0.6498180921031391,0.7200001525119322,,
6,persistence_last,causal,3,3,0.910645902240997,0.6605444320158065,0.303852677489702,0.34823448938794416,0.42570960921026124,,
6,persistence_last,causal,4,4,0.8591505744718358,0.6816954064888303,0.3210158226278458,0.3383887830137078,0.41846419865696205,,
6,persistence_last,causal,5,5,0.77665406777792,0.543174493409158,0.41749246014648855,0.28353396513259194,0.369574864123239,,
6,persistence_last,causal,6,6,0.6761487053191058,-4.4751639691196905,-0.12895244692958574,0.9316187408927293,1.0119333884313666,,
6,persistence_last,causal,7,7,0.5768215340633804,-14.54205328221445,-0.003215434083601254,2.1844169342855593,2.2421442657880903,,
6,persistence_last,causal,8,8,0.47735733818150294,-9.458370694615311,-0.014903511662821778,1.656680235392842,1.7441318696353885,,
6,persistence_last,causal,9,9,0.6079879744346571,-8.781327642445348,-0.01613139756562565,1.6657380723995818,1.7328059814468624,,
6,persistence_last,causal,10,10,0.6861901069544427,-2.0912798466335465,-0.06948577176145165,1.1152162115263324,1.2003856788706468,,
6,persistence_last,causal,11,11,0.5064906213022604,-0.004783068472097085,0.14236111111111116,0.4861483909405546,0.6224015986274135,,
6,persistence_last,causal,12,12,0.38404885823444784,-0.48733033456840347,0.09192093648052202,0.6534485613625997,0.802549166096752,,
6,seasonal_persistence,causal,1,1,0.005531466962918436,-3.5956907491907364,0.07252358490566035,0.9494155143535349,1.2321675855524092,,
6,seasonal_persistence,causal,2,2,0.051421042143908684,-1.3883885971747922,-0.016994030425572904,0.7842997174604016,0.9431465002938776,,
6,seasonal_persistence,causal,3,3,-0.3881807336191648,-7.429191560994489,-0.0236594983535916,1.898862779782737,2.1213627899728373,,
6,seasonal_persistence,causal,4,4,-0.1951938744241362,-5.86266060992833,-0.0021563342318058343,1.7541443812376534,1.9430461507993042,,
6,seasonal_persistence,causal,5,5,-0.3191895849904788,-10.013210087298205,-0.023010113922622866,1.5744010676592306,1.814613826165573,,
6,seasonal_persistence,causal,6,6,0.17331129737236758,-54.50260318234727,0.0,3.1368529315817675,3.2218850158943058,,
6,seasonal_persistence,causal,7,7,0.4804457360342029,-22.93755140211579,-0.0010865755345250694,2.732414155751605,2.7825899873522832,,
6,seasonal_persistence,causal,8,8,0.5875032438570196,-5.008350914353868,-0.07000358380121852,1.2429964989008127,1.3219801889719438,,
6,seasonal_persistence,causal,9,9,0.40470554072527537,-1.1698208942692787,0.07774848243301236,0.6518588089132231,0.8161368333310081,,
6,seasonal_persistence,causal,10,10,-0.044047377615227486,-2.030868659512557,-0.009320423491086638,1.0377977039050548,1.1885985678960684,,
6,seasonal_persistence,causal,11,11,0.43525593466268014,-1.23836577827119,-0.10416776437114694,0.8343535739542346,0.928966545204024,,
6,seasonal_persistence,causal,12,12,0.38404885823444784,-0.48733033456840347,0.09192093648052202,0.6534485613625997,0.802549166096752,,
6,ridge,causal,1,1,0.891812990526217,-8.951245070340628,-0.02586114004525708,1.7896886340049443,1.8131473194035248,True,1.80371229695222
6,ridge,causal,2,2,0.8126506503681158,-1.3762052418709199,0.003060409828794297,0.8549125101602452,0.9407378930537482,True,1.80371229695222
6,ridge,causal,3,3,0.6556780736483716,-0.31388362673658343,0.06020101015254309,0.6934174768800057,0.83753012149704,True,1.80371229695222
6,ridge,causal,4,4,0.7307174439320384,-0.7513697809913142,-0.03356328587504276,0.84264463845764,0.9815801813412166,True,1.80371229695222
6,ridge,causal,5,5,0.42464053593197293,-1.6172940915203768,-0.026697135213465728,0.7581878958074957,0.8846134047231679,True,1.80371229695222
6,ridge,causal,6,6,-0.5375969162666072,-0.9100923371100409,-0.29764654472813556,0.4625498113573018,0.5976962647633264,True,1.80371229695222
6,ridge,causal,7,7,-0.5459652486185199,-5.852573872140739,0.06492773261065943,1.3444125044322661,1.4887995166644712,True,1.80371229695222
6,ridge,causal,8,8,-0.5896415083942939,-2.6489687697701076,0.05728214503351636,0.8300948962751615,1.0302256900460307,True,1.80371229695222
6,ridge,causal,9,9,-0.3758441048534625,-3.165558808957834,0.012790164935858384,0.9733176389615323,1.1308048700708213,True,1.80371229695222
6,ridge,causal,10,10,-0.24573697793364566,-0.11938817781806121,-0.009841827768014122,0.5844619936221361,0.7223405609986989,True,1.80371229695222
6,ridge,causal,11,11,-0.04704442984363712,-1.1911664833626614,-0.026626547064834805,0.7725505697554292,0.9191200360729779,True,1.80371229695222
6,ridge,causal,12,12,0.6273418657038373,-8.57417693028674,0.0,1.9526851498698623,2.0361916609511637,True,1.80371229695222
6,mlp_11,causal,1,1,0.7925500565550141,-7.76927331967226,-0.03978926426703011,1.6573294929261773,1.702065169360351,False,1.8130619630083433
6,mlp_11,causal,2,2,0.7469794264330613,0.020824969423033135,0.2061668681983071,0.4978486590494548,0.6038885957077046,False,1.8130619630083433
6,mlp_11,causal,3,3,0.8115897549754869,0.6290066746954166,0.4182032539495403,0.3584067378625937,0.44504613422036104,False,1.8130619630083433
6,mlp_11,causal,4,4,0.7860680137381347,0.5470130680500133,0.38309317963496636,0.3885735383274046,0.4992058797361998,False,1.8130619630083433
6,mlp_11,causal,5,5,0.6307385231102942,-0.2850976033447481,0.19378863846565741,0.5137976653996932,0.619862424310771,False,1.8130619630083433
6,mlp_11,causal,6,6,0.39404560904954816,-1.3462891871820792,0.19295170162606534,0.5052825993273613,0.6624363113388111,False,1.8130619630083433
6,mlp_11,causal,7,7,0.4748617012295856,-7.055858945210282,-0.09400898857873252,1.5208393142824208,1.61422951115716,False,1.8130619630083433
6,mlp_11,causal,8,8,0.5238471246422657,-3.6470398029325075,-0.07445898031544207,1.0723991279698761,1.162613866136182,False,1.8130619630083433
6,mlp_11,causal,9,9,0.1753033735324313,-3.7666050575252505,-0.01847860791826328,1.0709328904429596,1.20963855259215,False,1.8130619630083433
6,mlp_11,causal,10,10,0.3787769536499985,-0.0011792852761953743,0.048589855706165364,0.5678205898586665,0.6831366282502749,False,1.8130619630083433
6,mlp_11,causal,11,11,0.09765383271954302,-0.5516469173988923,0.022016762006119572,0.6343777902455557,0.7734477792702905,False,1.8130619630083433
6,mlp_11,causal,12,12,-0.15929385148003405,-4.821731853970322,0.04287452280068804,1.4254936874305157,1.5877935342950493,False,1.8130619630083433
6,extra_trees,causal,1,1,0.6892100465646622,-14.491125442418394,-0.0011216656735253405,2.220147326186208,2.262225360575967,False,2.0458434622497883
6,extra_trees,causal,2,2,0.19691026977113757,-6.245486221965689,0.06299398372065579,1.526906752379705,1.6427082206154515,False,2.0458434622497883
6,extra_trees,causal,3,3,0.3925708086941938,-2.5643608103477162,-0.061984354294019495,1.2387200124643871,1.379471762383515,False,2.0458434622497883
6,extra_trees,causal,4,4,0.5241754664137966,-1.9491137208651246,-0.07864480874316926,1.1332441427230793,1.273745360277561,False,2.0458434622497883
6,extra_trees,causal,5,5,0.1385373285478563,-3.5691312002983873,-0.024947309561701658,1.054732601965206,1.1688104020918006,False,2.0458434622497883
6,extra_trees,causal,6,6,0.01999590601424311,-0.5487679678657003,0.006708620280218458,0.4594459331436839,0.53820352705948,False,2.0458434622497883
6,extra_trees,causal,7,7,-0.44942501197511325,-5.222604231025162,0.062347188264058606,1.1870771295348603,1.4187159328385024,False,2.0458434622497883
6,extra_trees,causal,8,8,-0.006475488179941694,-1.7300825707903207,-0.03805970149253746,0.7200044673926707,0.8911179531319005,False,2.0458434622497883
6,extra_trees,causal,9,9,-0.10628381341130563,-1.7394906726750778,-0.0193968066232999,0.7487800371722276,0.9170350774814551,False,2.0458434622497883
6,extra_trees,causal,10,10,0.07999847940635328,-0.016756523312400295,0.08210862619808312,0.5487160208578978,0.6884305395972038,False,2.0458434622497883
6,extra_trees,causal,11,11,0.3230720650730198,-2.6137779105648717,-0.012190977826862737,1.0366675670414285,1.1803621501192807,False,2.0458434622497883
6,extra_trees,causal,12,12,0.5376897114836822,-8.882650116652504,-0.0099235811814129,1.991601993869115,2.0687339418223334,False,2.0458434622497883
9,persistence_last,causal,1,1,0.8611848851980601,-5.671993308296431,-0.059580782786125,1.5124793532725294,1.5444102904968255,,
9,persistence_last,causal,2,2,0.8149483078982164,-0.30961577494859127,0.055993513221316404,0.6145835194211517,0.7142895649715715,,
9,persistence_last,causal,3,3,0.8492777614668049,0.5286286011692038,0.2771943163997529,0.41592107057805067,0.5136472440640516,,
9,persistence_last,causal,4,4,0.8294131136636465,-0.08604143738165715,0.017977120029053828,0.5986776107283133,0.6869261133202583,,
9,persistence_last,causal,5,5,0.8563701161644734,0.5668676557419725,0.3164892380642462,0.4004931183421603,0.4982337472900989,,
9,persistence_last,causal,6,6,0.8730890175077811,0.7302537446762829,0.399183281287533,0.33995909512743855,0.419296680031513,,
9,persistence_last,causal,7,7,0.8499375791399736,0.6910453811980253,0.3635410211183677,0.37067585357827876,0.4846324355874719,,
9,persistence_last,causal,8,8,0.7576034703153295,0.37594227799391955,0.2082293629373122,0.3425579861260542,0.43413010758540016,,
9,persistence_last,causal,9,9,0.6747616728496831,-3.2890200314177207,0.03040734366035558,0.9435317741449286,1.038867841014703,,
9,persistence_last,causal,10,10,0.5983916064874826,-8.645205554952392,-0.06916637734830089,1.7680443538199833,1.8456407160814798,,
9,persistence_last,causal,11,11,0.47696208407561136,-1.6520394021510274,-0.04676122931442084,1.0082176697000813,1.1926705583950432,,
9,persistence_last,causal,12,12,0.5464375787904032,-0.024109820351071898,0.21809322242457063,0.46200516661742724,0.6197132145503914,,
9,seasonal_persistence,causal,1,1,-0.10948102688993447,-3.4610222539588165,0.08393325993054956,0.9673374032373115,1.2628509071232772,,
9,seasonal_persistence,causal,2,2,-0.012429986339965697,-2.1103513764279525,-0.04964114832535871,0.9339444023718564,1.1007966107590195,,
9,seasonal_persistence,causal,3,3,-0.37256184351319016,-6.8554136450704775,-0.022567457072771857,1.879457554541218,2.0968524815144214,,
9,seasonal_persistence,causal,4,4,-0.011729141562471802,-3.5423425358923017,-0.012197254524787926,1.2303489650639068,1.4048396910145124,,
9,seasonal_persistence,causal,5,5,-0.04477213434079535,-4.344998919283084,-0.030862452029893017,1.5575643753530284,1.750236125173124,,
9,seasonal_persistence,causal,6,6,-0.11542986046261919,-5.461007423960466,-0.04060894530069503,1.8594591330665868,2.052077844635689,,
9,seasonal_persistence,causal,7,7,-0.15281953123200293,-4.441487682129312,0.00022465178972597144,1.8257488058225337,2.033873587291427,,
9,seasonal_persistence,causal,8,8,-0.2654414000817836,-7.146976957331988,-0.0018357746586605828,1.3245751036418096,1.5685767343473682,,
9,seasonal_persistence,causal,9,9,0.09562000424669691,-39.04532819072216,-0.0008410134211724873,3.0863116518952323,3.174367425552399,,
9,seasonal_persistence,causal,10,10,0.01299413592478507,-21.136240376092776,-0.0003852889667250725,2.7037517076091206,2.7960398043189625,,
9,seasonal_persistence,causal,11,11,0.3359987211733625,-0.658055791824468,0.09631098293679397,0.6767134013914237,0.9430399312869141,,
9,seasonal_persistence,causal,12,12,0.5464375787904032,-0.024109820351071898,0.21809322242457063,0.46200516661742724,0.6197132145503914,,
9,ridge,causal,1,1,0.9152902360938634,-9.417188326910251,-0.00790485937114016,1.9094081060601935,1.9297904082529234,False,2.30801696515891
9,ridge,causal,2,2,0.8564720585539866,-3.1554340727349386,-0.1938663282571913,1.2203678575195025,1.2723616040392438,False,2.30801696515891
9,ridge,causal,3,3,0.7431716213832245,-1.9314469501107143,-0.1124395486297689,1.159011032877825,1.2809269649783392,False,2.30801696515891
9,ridge,causal,4,4,0.7091407293811803,-4.279543814376801,-0.14240032382108891,1.4368808438945806,1.5145549250041326,False,2.30801696515891
9,ridge,causal,5,5,0.8456475080322257,-2.2818383722518445,-0.08571428571428563,1.2940074989709054,1.3714545730123437,False,2.30801696515891
9,ridge,causal,6,6,0.651496604217906,-3.7736612647820937,-0.06903190319031904,1.6429652885052022,1.7638819284799494,False,2.30801696515891
9,ridge,causal,7,7,0.7248130880449593,-1.974427998736092,-0.026860543077438903,1.351115586931123,1.503719603413966,False,2.30801696515891
9,ridge,causal,8,8,0.09472986328625267,-3.3083675863695374,-0.012649800266311573,1.0202170510153914,1.1406801920250853,False,2.30801696515891
9,ridge,causal,9,9,-0.6270669713321323,-1.4335887622184682,0.0,0.6636819010390912,0.7825369636273428,False,2.30801696515891
9,ridge,causal,10,10,-0.5542075872901822,-2.117469456739867,0.174085325584467,0.8460901224458635,1.049282723518641,False,2.30801696515891
9,ridge,causal,11,11,-0.34743034512954385,-0.24668650810047188,-0.15130524387451327,0.690725579497541,0.8177285149367471,False,2.30801696515891
9,ridge,causal,12,12,0.061910740364261974,-5.671808597909971,0.0,1.4566626430065213,1.5817552368851449,False,2.30801696515891
9,mlp_11,causal,1,1,0.8768580545714867,-11.194835583605514,-0.004501811275630541,2.0670230781908328,2.0879632975968847,True,2.29518290293719
9,mlp_11,causal,2,2,0.822373511251735,-4.452797600918081,-0.16665985866590427,1.4030605330315016,1.4575116861203146,True,2.29518290293719
9,mlp_11,causal,3,3,0.6684401236635188,-1.3049600097688963,-0.03487537674018082,0.9878440853975844,1.1358344741644755,True,2.29518290293719
9,mlp_11,causal,4,4,0.6089559619680329,-3.587524716231046,-0.10950080515297889,1.3113494095842082,1.4118092951792758,True,2.29518290293719
9,mlp_11,causal,5,5,0.642492644517192,-1.8063206230854592,-0.051671602077163925,1.128663806986484,1.268210885452696,True,2.29518290293719
9,mlp_11,causal,6,6,0.6620771122316754,-1.7780457901910456,-0.0484598698481562,1.2048417831145857,1.345592046450021,True,2.29518290293719
9,mlp_11,causal,7,7,0.5020275266581453,-1.1541696849798604,-0.040714159135211814,1.0986225413670483,1.2796909133352878,True,2.29518290293719
9,mlp_11,causal,8,8,0.08298023532932457,-3.3612304748333006,-0.05707584050039083,0.9842862154152879,1.1476568262424567,True,2.29518290293719
9,mlp_11,causal,9,9,-0.34664339222211615,-1.3571355851248317,-0.08042449814601715,0.6110445569185772,0.7701468570924905,True,2.29518290293719
9,mlp_11,causal,10,10,-0.285890347378904,-3.708220285437979,0.010855427713856947,1.0486532614430235,1.2894954252578594,True,2.29518290293719
9,mlp_11,causal,11,11,-0.08378094022592565,-0.547775221800676,0.08556308716851002,0.6939948588704119,0.9111386245249001,True,2.29518290293719
9,mlp_11,causal,12,12,-0.13754735443945892,-5.523882992009233,-0.010525453577425514,1.3994515406161763,1.5641218151443106,True,2.29518290293719
9,extra_trees,causal,1,1,0.8388431341118441,-14.631073052720023,-0.0016834426401990399,2.338198654008039,2.3639009874341896,False,2.58743141122436
9,extra_trees,causal,2,2,0.5869296934497122,-7.398788104105499,-0.008509887005649697,1.731216630928438,1.8088837983814272,False,2.58743141122436
9,extra_trees,causal,3,3,0.6122575393635733,-4.255918421819405,-0.006706129177281417,1.5948217126728184,1.7151719138242962,False,2.58743141122436
9,extra_trees,causal,4,4,0.5400322311145267,-8.065129857636014,-0.005809834207170184,1.9012304133764946,1.9846039125742803,False,2.58743141122436
9,extra_trees,causal,5,5,-0.05332895943112925,-4.828680793562329,-0.0036096879366558365,1.648512314990384,1.8277128642625735,False,2.58743141122436
9,extra_trees,causal,6,6,-0.20693552494019923,-2.9928124789413286,-0.00448811256671533,1.4051109294392548,1.6131812611940712,False,2.58743141122436
9,extra_trees,causal,7,7,-0.33647325168950676,-2.123539941545825,-0.0019341546482780636,1.3000391668653712,1.5409504113717585,False,2.58743141122436
9,extra_trees,causal,8,8,-0.3426274438540169,-6.576663071988617,0.01079202487653197,1.3788646331647432,1.5126780764223737,False,2.58743141122436
9,extra_trees,causal,9,9,-0.32476845590096526,-0.7442350725360267,0.0,0.5588442303418385,0.6624967814341398,False,2.58743141122436
9,extra_trees,causal,10,10,-0.41649603787730316,-1.5383299082636528,0.05705996131528057,0.7497246585280023,0.9468157030038924,False,2.58743141122436
9,extra_trees,causal,11,11,-0.4064252422994255,-0.5277555870415993,-0.13250366032210814,0.767840668904829,0.9052269036029954,False,2.58743141122436
9,extra_trees,causal,12,12,-0.39450115222593046,-4.6155062385478685,0.01485383652143879,1.2700087199249548,1.4511488055029294,False,2.58743141122436
12,persistence_last,causal,1,1,0.8637702352685891,-0.046328568766036415,0.6937296121783254,0.3978749797510826,0.524990538635618,,
12,persistence_last,causal,2,2,0.7894321887678442,-3.484979087569463,-0.004445110378583639,1.3573937356861068,1.4283569051101233,,
12,persistence_last,causal,3,3,0.49975508842620786,-5.782947970397408,-0.008060615831049445,1.89058085094043,2.030600431084271,,
12,persistence_last,causal,4,4,0.3997632474063328,-5.472460343798662,-0.006087462512868846,1.6224500059309068,1.7946093318327108,,
12,persistence_last,causal,5,5,0.43884635863517896,-5.8482826374994605,-0.01384096612296104,1.9268412559393622,2.084207993585118,,
12,persistence_last,causal,6,6,0.422287928441502,-5.804245396101075,-0.01387084447841036,2.0228611466810795,2.1876389759144743,,
12,persistence_last,causal,7,7,0.4751486939822056,-5.071198113989205,-0.01599051202355639,1.7521197003668072,1.9081142820832455,,
12,persistence_last,causal,8,8,0.4873733711504018,-5.417402934590903,-0.013544939006976398,1.7762286149968867,1.9235062499389675,,
12,persistence_last,causal,9,9,0.415362106593462,-5.424170626767584,-0.007620627023611881,2.0647214895730177,2.239753753640819,,
12,persistence_last,causal,10,10,0.3485826140108111,-5.509063996483473,-0.009186954524575075,2.103880721846134,2.2953229657424012,,
12,persistence_last,causal,11,11,0.20530393432572247,-5.441320931625335,-0.006642098045937628,1.6160080447060265,1.8391216393104577,,
12,persistence_last,causal,12,12,0.09492474555473092,-8.943709564538436,0.008702652967336189,1.9496949362494578,2.159235852181267,,
12,seasonal_persistence,causal,1,1,-0.03520883493050506,-6.759918003391405,-0.02708583433373346,1.2600119010174846,1.4297035681529062,,
12,seasonal_persistence,causal,2,2,0.2634408728225025,-0.2315680856800333,0.09952426260704095,0.5837975136161823,0.7484895486972651,,
12,seasonal_persistence,causal,3,3,-0.45970515172609905,-4.814443783070232,-0.06661509019096878,1.6563463036240098,1.8800496520473986,,
12,seasonal_persistence,causal,4,4,0.021095878267624858,-2.8897191227762904,-0.008344174779058688,1.2323539333986757,1.3912152948365246,,
12,seasonal_persistence,causal,5,5,-0.1324373679586219,-5.03961195123837,-0.03351758202987187,1.7546225420622414,1.957288016612035,,
12,seasonal_persistence,causal,6,6,-0.14752890813799027,-5.186011476580245,-0.025649833963128366,1.8835266840526355,2.085888208186822,,
12,seasonal_persistence,causal,7,7,0.03904583465942949,-2.8636430285179717,-0.01486788702062447,1.3212672349997256,1.5221788271082508,,
12,seasonal_persistence,causal,8,8,0.031458290720193564,-3.225528984899671,-0.01933404940923733,1.3531579369247893,1.5608259970770835,,
12,seasonal_persistence,causal,9,9,-0.15772546602231077,-5.289288526628894,-0.021531289506953044,1.9881328238446556,2.216116048783987,,
12,seasonal_persistence,causal,10,10,-0.4654007654788112,-6.628184908714059,-0.03477356746765259,2.1892311261260637,2.4848211627774615,,
12,seasonal_persistence,causal,11,11,-0.34634049490156266,-3.419103699010484,-0.034051609470603816,1.1656258498995804,1.5233162741813597,,
12,seasonal_persistence,causal,12,12,0.09492474555473092,-8.943709564538436,0.008702652967336189,1.9496949362494578,2.159235852181267,,
12,ridge,causal,1,1,0.8774332390703562,0.29691546893382104,0.325281964267891,0.37851913879769494,0.4303494045498789,False,2.9013738669803217
12,ridge,causal,2,2,0.7529111387817996,0.19367322917030982,0.15140981073773652,0.5206246118016931,0.6056365362460988,False,2.9013738669803217
12,ridge,causal,3,3,0.7318370914065424,0.5045510701774001,0.2556810195380218,0.4395250688502417,0.5488007276166875,False,2.9013738669803217
12,ridge,causal,4,4,0.42491406160648476,-0.06139626537351606,0.05379554891988991,0.6136775256339069,0.7267315254490931,False,2.9013738669803217
12,ridge,causal,5,5,0.5606144734793281,0.029097386812573456,0.05563654033041787,0.6401436964315076,0.7847621606674026,False,2.9013738669803217
12,ridge,causal,6,6,0.5347783957537583,-0.01805660569562506,-0.0038256317326084144,0.701454585630919,0.8461972924226825,False,2.9013738669803217
12,ridge,causal,7,7,0.4930631476680272,-1.08309578173475,-0.010383889238514632,0.9539059471560574,1.1176911174156619,False,2.9013738669803217
12,ridge,causal,8,8,0.48436638223382744,-1.3220458638456956,-0.03002257336343117,1.0080931685965842,1.157042587008888,False,2.9013738669803217
12,ridge,causal,9,9,0.5706704002574299,-1.0643092384717696,0.01321450522433909,1.0899349764937865,1.2696356765684316,False,2.9013738669803217
12,ridge,causal,10,10,0.6918793774138206,-1.3724303754226823,-0.02766358341897912,1.2085498945190585,1.3857384555328471,False,2.9013738669803217
12,ridge,causal,11,11,0.5834895125125531,-3.6547673845676636,-0.07074973600844792,1.4441973022682377,1.5634067284956092,False,2.9013738669803217
12,ridge,causal,12,12,0.14989971038020372,-6.0160309697497665,0.0014087262766582231,1.6818715214907343,1.8137257376679257,False,2.9013738669803217
12,mlp_11,causal,1,1,0.5301063498798344,-3.6270126711213706,-0.016529684558519442,0.9950567831903248,1.1039967104897996,True,2.574223972494244
12,mlp_11,causal,2,2,0.5269818873072889,0.053486076015610395,0.26344213368705294,0.4500839689186915,0.656175530503081,True,2.574223972494244
12,mlp_11,causal,3,3,0.7564243313433863,0.5196643022900796,0.34065055936824284,0.4014142176754857,0.5403655618127484,True,2.574223972494244
12,mlp_11,causal,4,4,0.6742155343811859,-0.34388690416996437,0.04890794586627367,0.6711581793336907,0.8177425261648791,True,2.574223972494244
12,mlp_11,causal,5,5,0.6804436766566858,-0.05625534719452285,0.17746732762505635,0.6101297203670359,0.8185301472412,True,2.574223972494244
12,mlp_11,causal,6,6,0.7098775786018766,-0.009176411129072193,0.09926202623906721,0.6775392834284968,0.8424986499023843,True,2.574223972494244
12,mlp_11,causal,7,7,0.6583985691337644,-2.047239836005636,-0.0327306211284113,1.1959952814072212,1.3518250762993766,True,2.574223972494244
12,mlp_11,causal,8,8,0.5754774028850769,-2.568881518407682,-0.03387573348870121,1.290359725750148,1.4344321569545944,True,2.574223972494244
12,mlp_11,causal,9,9,0.5233575157532999,-1.8543899479715247,-0.01193337550073803,1.3198854705289789,1.4929607528296405,True,2.574223972494244
12,mlp_11,causal,10,10,0.36367614880701293,-1.722443355591801,-0.024633257016874355,1.2864573407139521,1.4844444743904,True,2.574223972494244
12,mlp_11,causal,11,11,0.01752669123182845,-6.607027124062382,-0.007878073921366413,1.8400522579609417,1.9986210988385036,True,2.574223972494244
12,mlp_11,causal,12,12,-0.301748735142062,-5.728019708005696,0.04534860754493386,1.5653355681537204,1.77610850806437,True,2.574223972494244
12,extra_trees,causal,1,1,0.4178787348516067,-5.891843094550703,-0.014659840141441505,1.2633878784694443,1.347364577997545,False,2.917611376959314
12,extra_trees,causal,2,2,0.2983585199526397,-2.2857495893520356,0.007798808271994528,1.0555511517942429,1.2225700673927686,False,2.917611376959314
12,extra_trees,causal,3,3,0.4029543533253151,-3.2537857593474806,-0.0019098396530459194,1.4530286511433543,1.6080629197325458,False,2.917611376959314
12,extra_trees,causal,4,4,0.37765412324568176,-6.201161492922301,-0.00882589906980158,1.7786095992592883,1.8929384717879643,False,2.917611376959314
12,extra_trees,causal,5,5,0.31141425298751924,-3.9014562919546893,-0.006640640721213842,1.5989752580948793,1.7632455089986554,False,2.917611376959314
12,extra_trees,causal,6,6,0.3415515780347774,-3.037634242823061,-0.0010880077369439523,1.5095466286319217,1.6851910959101948,False,2.917611376959314
12,extra_trees,causal,7,7,0.29944851102376313,-5.064321227195053,-0.002753432094935171,1.7573202580701488,1.9070333089721943,False,2.917611376959314
12,extra_trees,causal,8,8,0.23722198799031394,-5.225333963933455,-0.0018720748829954559,1.7431671487482072,1.894502901584066,False,2.917611376959314
12,extra_trees,causal,9,9,0.29094437882805857,-2.3311381553818653,0.007311562949271044,1.4104993565651398,1.6128280274137765,False,2.917611376959314
12,extra_trees,causal,10,10,0.2721826006647617,-2.0091471631882936,-0.00473100272137339,1.334393610900746,1.5606526173222595,False,2.917611376959314
12,extra_trees,causal,11,11,0.30723307184151666,-5.092745332553407,-0.0049554013875126035,1.6493803655012016,1.7886670152013637,False,2.917611376959314
12,extra_trees,causal,12,12,0.06639672672892347,-4.496317282335915,0.0014087262766582231,1.4508870704380896,1.6053205481202566,False,2.917611376959314
18,persistence_last,causal,1,1,0.7941656198066835,-2.2625595430200556,0.0,1.1971940583542187,1.271804970387827,,
18,persistence_last,causal,2,2,0.7145758235931245,-0.3238811386590077,0.6601876675603218,0.8195467137621147,1.0112458267437232,,
18,persistence_last,causal,3,3,0.6520802094400323,-0.25246249154058087,0.36466165413533835,0.8236841032363716,0.9658368604823967,,
18,persistence_last,causal,4,4,0.633615154569606,0.11286639231278395,0.2505543237250555,0.6256763986519548,0.7326003120823404,,
18,persistence_last,causal,5,5,0.7930779603619801,0.6176235918610613,0.3127140410958904,0.34921147564646265,0.4588927426416395,,
18,persistence_last,causal,6,6,0.6775415455728974,0.27411425516130117,0.11258687258687261,0.5468359359270043,0.6892888094597185,,
18,persistence_last,causal,7,7,0.6183514756252468,-2.643929073153768,0.005825018743872201,1.257033998233066,1.3734706371565513,,
18,persistence_last,causal,8,8,0.6356994071607788,-4.915622558153523,-0.008320480558486665,1.7344151227483284,1.8329000037054515,,
18,persistence_last,causal,9,9,0.4484020306827596,-5.076648880483493,-0.0018598163431360337,2.1623147724589935,2.3231155893465147,,
18,persistence_last,causal,10,10,0.4125613260840021,-4.317097272340519,-0.0023808529301199144,1.8243700220245878,1.9688393318717072,,
18,persistence_last,causal,11,11,0.3882646690273514,-3.1423305377151065,-0.002098157270571166,1.665473870710763,1.843623122820162,,
18,persistence_last,causal,12,12,0.25969433137861525,-1.0895453569238716,0.008968609865470989,1.3474912674189048,1.6030520128686452,,
18,seasonal_persistence,causal,1,1,0.4879554426547103,-3.89495157778156,0.0,1.3826476809935906,1.5578136133009983,,
18,seasonal_persistence,causal,2,2,0.6475668797539974,0.20579469761903768,-0.020867655134541252,0.6189487738534297,0.7832468123432511,,
18,seasonal_persistence,causal,3,3,0.471766400558579,-0.15837944391619052,-0.011976047904191489,0.72643465833731,0.9288526675907767,,
18,seasonal_persistence,causal,4,4,0.6766720899795987,0.29546531933736997,0.13211951447245562,0.5023203573931707,0.6528655780798848,,
18,seasonal_persistence,causal,5,5,0.5856502183957021,-0.17204015043966736,0.10719788685890386,0.6447031490228841,0.8034093644293008,,
18,seasonal_persistence,causal,6,6,0.03693676847425518,-0.7157297351413634,0.002542449832016791,0.8086237328716931,1.0597209813802242,,
18,seasonal_persistence,causal,7,7,0.1514880285428989,-0.5911767274981337,0.08218343031310615,0.7162725898947024,0.9075982102435972,,
18,seasonal_persistence,causal,8,8,0.23077787531793564,-0.7176386168240139,-0.01109791742784072,0.7952547996935008,0.987653123822244,,
18,seasonal_persistence,causal,9,9,-0.25689997556156685,-3.449636103565444,-0.028828404226071136,1.7286629986741975,1.9879295775744321,,
18,seasonal_persistence,causal,10,10,-0.2607284506369391,-4.243064722024544,-0.02183406113537112,1.7027679701306648,1.9550847287211213,,
18,seasonal_persistence,causal,11,11,-0.020068667110847083,-2.079568641202105,-0.02297427431558674,1.3087651333354449,1.5896251141583977,,
18,seasonal_persistence,causal,12,12,0.25969433137861525,-1.0895453569238716,0.008968609865470989,1.3474912674189048,1.6030520128686452,,
18,ridge,causal,1,1,0.786667858278324,-4.66347737674825,0.0,1.6182663451232742,1.6756483364565993,False,2.254278168468673
18,ridge,causal,2,2,0.662342009786055,-2.9791132722669955,0.02206747744213422,1.622465604448896,1.7531755127733093,False,2.254278168468673
18,ridge,causal,3,3,0.5831219203470467,-3.911656800288748,0.0011439466158245093,1.7790531920940837,1.9126496184552926,False,2.254278168468673
18,ridge,causal,4,4,0.5042225558004625,-3.2521648654739463,0.032523905385002494,1.4560601611598962,1.6039012675849682,False,2.254278168468673
18,ridge,causal,5,5,0.6705870852905379,-2.801566593864751,-0.0015662701604368667,1.339536761029385,1.4469280838220981,False,2.254278168468673
18,ridge,causal,6,6,0.722158323165119,-1.0755990718295703,0.09544370980074657,1.016406953182703,1.1655712535091949,False,2.254278168468673
18,ridge,causal,7,7,0.6865832480103014,-0.25942325733761096,0.09358889073673693,0.6795369864032074,0.8074586218881683,False,2.254278168468673
18,ridge,causal,8,8,0.5623983255339301,0.11115803118407508,0.01678731624994456,0.6066402292989295,0.7104783038483881,False,2.254278168468673
18,ridge,causal,9,9,0.4362810621377432,0.025230716119758245,-0.003385240352065111,0.7699062472467988,0.9304427700754897,False,2.254278168468673
18,ridge,causal,10,10,0.517590803575432,0.0672744757064766,0.06904739291480677,0.6685744565327625,0.8246124828228558,False,2.254278168468673
18,ridge,causal,11,11,0.3130630441304324,-0.5085572013877155,0.031686778366177726,0.9199238578720248,1.1125784979272906,False,2.254278168468673
18,ridge,causal,12,12,0.5104235554090157,-0.6275925475311344,0.052163279075651436,1.114898866499876,1.4147983959699952,False,2.254278168468673
18,mlp_11,causal,1,1,0.6821004698287483,-7.9237541810111,0.0,2.038875764107774,2.103367183985114,True,2.1947141441320355
18,mlp_11,causal,2,2,0.5310927520656347,-4.38097855138181,0.002709700728608544,1.8972787105070188,2.0387448426307375,True,2.1947141441320355
18,mlp_11,causal,3,3,0.4422171101059597,-5.150832882902415,-0.0036474164133737386,1.9951224440762527,2.1403676354259895,True,2.1947141441320355
18,mlp_11,causal,4,4,0.2835452425050778,-5.621221963613086,0.004124926340601021,1.8452428587511867,2.0014357675464716,True,2.1947141441320355
18,mlp_11,causal,5,5,0.46183650625487777,-4.310178351224661,-0.02611214730743283,1.5813139694961265,1.710094848282296,True,2.1947141441320355
18,mlp_11,causal,6,6,0.50532903492615,-2.6264167748004565,-0.0013825794983211015,1.3753622040013906,1.5406569644064283,True,2.1947141441320355
18,mlp_11,causal,7,7,0.42770019363073863,-0.8659810208876797,0.061348144407977756,0.8208089845050607,0.9828517896396346,True,2.1947141441320355
18,mlp_11,causal,8,8,0.2638266533797655,-0.4548435692774826,-0.0010530472554957093,0.7525889720412642,0.908964021277201,True,2.1947141441320355
18,mlp_11,causal,9,9,0.2584666738346897,-0.17112186359803272,0.011247289050284937,0.8292107783568136,1.0198582002424026,True,2.1947141441320355
18,mlp_11,causal,10,10,0.19346886248276363,-1.0629280399147678,-0.037227846967117895,1.0398950256104895,1.2263516323905015,True,2.1947141441320355
18,mlp_11,causal,11,11,0.11509938697291933,-2.135384091393967,-0.017689123071132906,1.3997084655026428,1.6039659567524711,True,2.1947141441320355
18,mlp_11,causal,12,12,0.3543506374510804,-2.3540756406027876,-0.0207191712331507,1.7661917759255474,2.0309916538018897,True,2.1947141441320355
18,extra_trees,causal,1,1,0.5467745929933727,-15.06625441936928,0.0,2.7447543830298806,2.822270359742038,False,2.324574372536857
18,extra_trees,causal,2,2,0.4275455830009614,-8.35902481263678,-0.005704426212190583,2.5586733199012115,2.6887321752935343,False,2.324574372536857
18,extra_trees,causal,3,3,0.2466474994289975,-11.389841465330527,-7.003046325149143e-05,2.918592638176344,3.037765785524639,False,2.324574372536857
18,extra_trees,causal,4,4,0.4551667009193884,-10.049362251966434,-0.00017509455105768623,2.48729431323972,2.5854800397948448,False,2.324574372536857
18,extra_trees,causal,5,5,0.5614718385373736,-7.80612569758147,-0.005881524265689775,2.1046548416357242,2.202206726680679,False,2.324574372536857
18,extra_trees,causal,6,6,0.46117252751485865,-5.595537959345527,-0.013035785216480633,1.9438928847381045,2.0777448095716795,False,2.324574372536857
18,extra_trees,causal,7,7,0.4570894849683615,-3.479588503259766,-0.032530851709487996,1.3886241490168711,1.5228372180070646,False,2.324574372536857
18,extra_trees,causal,8,8,0.19197846358775836,-3.018650340580905,0.03291369035873559,1.3600976188402518,1.5107014777283239,False,2.324574372536857
18,extra_trees,causal,9,9,0.2260918491174753,-1.3753451025114867,-0.028745350016909033,1.2807445512864801,1.4524530582185886,False,2.324574372536857
18,extra_trees,causal,10,10,0.23072401862595476,-2.947065774346238,-0.01616692549675469,1.4979898418278006,1.6963292698321222,False,2.324574372536857
18,extra_trees,causal,11,11,0.20292083690478616,-3.2545523877792837,-0.0037218878682292456,1.6587400096472846,1.8684294715947345,False,2.324574372536857
18,extra_trees,causal,12,12,0.3096137467943959,-3.9387111612332584,0.008486771705841334,2.2268541783971014,2.464498318185818,False,2.324574372536857
24,persistence_last,causal,1,1,0.8025715439921344,-4.40954336612934,0.0,1.7247926924877923,1.7913234906601019,,
24,persistence_last,causal,2,2,0.7688474404164738,-0.6061544284713316,0.3421112892145638,0.9925419263674435,1.1711378785048403,,
24,persistence_last,causal,3,3,0.6627787734836857,-0.5657550967809015,0.42880505887483655,0.7623080971189242,0.9226759837257341,,
24,persistence_last,causal,4,4,0.5317169140330044,-0.9391762096565139,0.26989540700318326,0.9518903540657305,1.1401920437705404,,
24,persistence_last,causal,5,5,0.6295189482480051,-0.8374123805733049,0.38868793160144677,0.9593530927552587,1.1513854565952812,,
24,persistence_last,causal,6,6,0.5621402062696325,-0.7548925343150528,0.37263893438148266,0.972850825133466,1.1933622003422937,,
24,persistence_last,causal,7,7,0.5938827872880328,-0.8183805745974311,0.37263893438148266,0.9990784977856505,1.2087728569174316,,
24,persistence_last,causal,8,8,0.6183239412045352,-0.8319302309274244,0.3853868194842407,1.0179684405811709,1.2250968517922922,,
24,persistence_last,causal,9,9,0.5192030670759962,-0.8623278022214229,0.33216245883644346,1.1896978877532762,1.4623145299531584,,
24,persistence_last,causal,10,10,0.5782277239945092,-0.7127636998624203,0.3209165942658557,0.9290113250096831,1.1388954790942003,,
24,persistence_last,causal,11,11,0.7410665316604873,-0.04354598266001797,0.4385964912280702,0.5739761845730752,0.7207876652867256,,
24,persistence_last,causal,12,12,0.4866042673608129,-0.2773016694798698,0.35,0.7435068570893206,1.0352987923733017,,
24,seasonal_persistence,causal,1,1,0.7491916616554548,-1.3630454381640833,0.0,1.0516128254126165,1.183940164604565,,
24,seasonal_persistence,causal,2,2,0.7359689629953378,0.4933899749274493,0.038301597723790826,0.553451602237017,0.6577354774302708,,
24,seasonal_persistence,causal,3,3,0.5541718129698286,-0.27281443132208594,0.16223524109959453,0.6695525785994193,0.8318975492397734,,
24,seasonal_persistence,causal,4,4,0.6797555715621217,0.3847030428200088,0.2562347188264059,0.49155343028087606,0.6422612979551008,,
24,seasonal_persistence,causal,5,5,0.6123012443233189,0.060095550361377925,0.040763673890608865,0.6484345169610035,0.8234917888537001,,
24,seasonal_persistence,causal,6,6,0.5152695383084295,-0.3494028382069432,-0.02012072434607637,0.8409615906732156,1.0464484135531507,,
24,seasonal_persistence,causal,7,7,0.5751342725491438,0.09396786096202847,-0.010463378176382543,0.6568885945642645,0.8532457021375907,,
24,seasonal_persistence,causal,8,8,0.6032836833152992,0.13169353827188224,-0.010383889238514854,0.6529512703621044,0.8434366635456095,,
24,seasonal_persistence,causal,9,9,0.6583904340498795,0.17070937283480858,-0.010066058508965137,0.7455501033443028,0.9758119007368968,,
24,seasonal_persistence,causal,10,10,0.5268212021321615,0.08666723551199873,0.05607685433422693,0.6370989697323135,0.8316673705576612,,
24,seasonal_persistence,causal,11,11,0.7605551407723001,0.5762898026908424,0.10406440212055756,0.34056757794906417,0.4592889626603842,,
24,seasonal_persistence,causal,12,12,0.4866042673608129,-0.2773016694798698,0.35,0.7435068570893206,1.0352987923733017,,
24,ridge,causal,1,1,0.8101137651551824,-5.7803495157244935,0.0,1.9463778186865217,2.005486572410595,False,2.653680851050519
24,ridge,causal,2,2,0.7743283585311156,-1.647766399593277,0.057168566286742495,1.356870376368617,1.5036758035235673,False,2.653680851050519
24,ridge,causal,3,3,0.5449726001682774,-2.601022008543416,0.019603920784156736,1.2552700627082556,1.399265696369963,False,2.653680851050519
24,ridge,causal,4,4,0.45346692924201076,-3.255407960927233,-0.0250707642539425,1.5232321039817918,1.689040136542731,False,2.653680851050519
24,ridge,causal,5,5,0.6645129494735421,-3.575300332844467,-0.04778775313015826,1.686091812801023,1.816884098699988,False,2.653680851050519
24,ridge,causal,6,6,0.5858063443626214,-3.6602700842205493,-0.043647314451263686,1.7885970959918158,1.9446997469160296,False,2.653680851050519
24,ridge,causal,7,7,0.6794227876503599,-4.28602242743607,-0.0342794923781633,1.929111099364209,2.0609469285495687,False,2.653680851050519
24,ridge,causal,8,8,0.6972852849116926,-4.397905315145216,-0.03382733131850113,1.969686884589715,2.102948272533253,False,2.653680851050519
24,ridge,causal,9,9,0.740947735363101,-3.8790713057497417,-0.027541529441569068,2.1968355797735777,2.3669076563610494,False,2.653680851050519
24,ridge,causal,10,10,0.6616821592666434,-4.878437645105486,-0.028002735485728625,1.9872981981077613,2.1099205493394813,False,2.653680851050519
24,ridge,causal,11,11,0.56498894526208,-6.002194241749079,-0.018762261458890706,1.7698007973988064,1.867104509023211,False,2.653680851050519
24,ridge,causal,12,12,0.6930238745361954,-5.251242635434219,-0.013088819523269013,2.1607057405049304,2.2903515363638722,False,2.653680851050519
24,mlp_11,causal,1,1,0.6632399321816785,-6.345933685032786,0.0,2.0047353833840003,2.08745546840583,True,2.638511760678255
24,mlp_11,causal,2,2,0.69601479620704,-1.4090985958380817,0.1713782272274572,1.2637305392648637,1.434305504867785,True,2.638511760678255
24,mlp_11,causal,3,3,0.28004698416138624,-1.9184029167208245,0.222255752546209,1.0128844102029952,1.259679103005364,True,2.638511760678255
24,mlp_11,causal,4,4,0.20484030366956058,-2.1160682234983783,0.09277181309541804,1.168765007133223,1.445349404116077,True,2.638511760678255
24,mlp_11,causal,5,5,0.2217084118726895,-2.1300616846420537,0.12671033478893734,1.2177077726270435,1.5027746778720983,True,2.638511760678255
24,mlp_11,causal,6,6,0.15246238230162562,-2.1726196834010474,0.11837881219903679,1.3026060038335774,1.6045602215088706,True,2.638511760678255
24,mlp_11,causal,7,7,0.11762714235134165,-2.9239941056094425,0.06279069767441858,1.4738117800422252,1.7756872685430571,True,2.638511760678255
24,mlp_11,causal,8,8,0.09560346442518809,-3.33330301129915,0.06021457057799251,1.5855829878982561,1.8841934441802943,True,2.638511760678255
24,mlp_11,causal,9,9,0.10000499471053428,-3.1225555299959913,0.06681864235055734,1.835377181810073,2.175684856914396,True,2.638511760678255
24,mlp_11,causal,10,10,0.19558814158843146,-3.8755888687791824,0.03720847427452367,1.6549366115343733,1.9215366948425465,True,2.638511760678255
24,mlp_11,causal,11,11,0.05093788231586176,-5.008907425127257,-0.0020305393112409753,1.4797281704685754,1.7296144597720764,True,2.638511760678255
24,mlp_11,causal,12,12,-0.010702382036112944,-4.314002030180048,0.014101375367022051,1.8312955736271004,2.1116883575476195,True,2.638511760678255
24,extra_trees,causal,1,1,0.6243552098484283,-9.781476666380119,0.0,2.4271113620638656,2.528906900111548,False,2.7896883053044426
24,extra_trees,causal,2,2,0.6429339559611025,-3.77821913678195,-0.03806826541121078,1.8337651124040857,2.0199815822006304,False,2.7896883053044426
24,extra_trees,causal,3,3,0.46588928103248245,-5.713680692617315,0.00014086491055076422,1.776856552178124,1.9105906167795956,False,2.7896883053044426
24,extra_trees,causal,4,4,0.3960619237489157,-5.75759900081466,0.0,1.9791938221041225,2.1284604141379226,False,2.7896883053044426
24,extra_trees,causal,5,5,0.19394133870338626,-6.239937766392587,0.00035419544504655676,2.126400090720427,2.285519004341481,False,2.7896883053044426
24,extra_trees,causal,6,6,0.28197762497112944,-5.568190868309385,0.0007479964381121862,2.1340458510506966,2.308712724765704,False,2.7896883053044426
24,extra_trees,causal,7,7,0.08375057823865827,-6.108244643561917,0.0007479964381121862,2.2166723883169945,2.389920700367201,False,2.7896883053044426
24,extra_trees,causal,8,8,-0.010888679258571149,-6.428320002943221,0.0013882461823230274,2.292881187121245,2.4669551913575836,False,2.7896883053044426
24,extra_trees,causal,9,9,-0.11826938632266613,-5.376747352675671,0.015672985280101637,2.4779069363747093,2.7059037041372256,False,2.7896883053044426
24,extra_trees,causal,10,10,-0.09313332703790346,-6.643873585777987,0.00808350613292097,2.237751657735385,2.405979330523165,False,2.7896883053044426
24,extra_trees,causal,11,11,-0.12777901412038092,-7.633270096294455,-0.0008410134211724873,1.9441952314923636,2.073190522900654,False,2.7896883053044426
24,extra_trees,causal,12,12,0.6150557517781969,-5.7932481989459506,-0.0012620508326031121,2.223610089615498,2.387578770685321,False,2.7896883053044426
48,persistence_last,causal,1,1,0.9576826956765588,0.09674147630656804,0.12096286440062898,0.7183488686025595,0.7595013511911113,,
48,persistence_last,causal,2,2,0.9311371790420793,0.7200133926330411,0.5286351803644478,0.3541793775215717,0.4454282153858954,,
48,persistence_last,causal,3,3,0.7502393011748515,-0.6791350909540974,0.10571256764882742,1.0739376344481657,1.2499216286163626,,
48,persistence_last,causal,4,4,0.7441239517956066,-1.1360046740749046,0.045549416820135025,1.2219472655283985,1.3741183786510922,,
48,persistence_last,causal,5,5,0.738860457896567,-0.6521814590651931,0.09647630619684089,1.057134156104091,1.2377755851560108,,
48,persistence_last,causal,6,6,0.7328842715574079,-0.5909604527415215,0.12276677933365521,1.0287320826187154,1.2167157924633292,,
48,persistence_last,causal,7,7,0.7290573621242109,-0.7146443236011564,0.09306012928405905,1.0780461419232361,1.2579330466675953,,
48,persistence_last,causal,8,8,0.7359407227150255,-0.5203705136103236,0.15186999641534227,1.0180379677959046,1.2096058692607168,,
48,persistence_last,causal,9,9,0.7097707481153784,-0.10458762728232407,0.26736750839926315,0.8672730729202722,1.1267866029070304,,
48,persistence_last,causal,10,10,0.732188053082903,-0.055515319651028516,0.2531444759206799,0.7301944698687518,0.9536446872276936,,
48,persistence_last,causal,11,11,0.8269358635050703,0.24975873840552465,0.366848926690968,0.6170609756139407,0.7668106301607902,,
48,persistence_last,causal,12,12,0.7319902265073335,-0.9366846857491484,0.1833824395992929,1.1308832181645854,1.2847707183057322,,
48,seasonal_persistence,causal,1,1,0.8189403770635536,-3.9143118322871695,-0.005711318795430964,1.7100508498080083,1.7715518666381962,,
48,seasonal_persistence,causal,2,2,0.8169517736203254,-1.203153441198877,0.01673281616453204,1.1497076491947524,1.249486209423705,,
48,seasonal_persistence,causal,3,3,0.775749034738757,-0.9894463365945811,0.07309966578112947,1.2204796300226568,1.360523597516846,,
48,seasonal_persistence,causal,4,4,0.8426371415845174,-1.4767568395599082,0.01583973911017933,1.390335184628663,1.4796695426217759,,
48,seasonal_persistence,causal,5,5,0.8511282017474867,-0.5325311064994103,0.05976310122038764,1.0806039515704067,1.1921137279381953,,
48,seasonal_persistence,causal,6,6,0.852325120118173,-0.4322079796306988,0.0810138248847927,1.043851625748946,1.1544164254833846,,
48,seasonal_persistence,causal,7,7,0.8578986497537736,-0.8664064806757605,0.043272586273749525,1.2158345240435906,1.312422358110258,,
48,seasonal_persistence,causal,8,8,0.8652613306154121,-0.8092936850627177,0.054631311296767016,1.2221532728224993,1.3195434644976733,,
48,seasonal_persistence,causal,9,9,0.8632489586828376,0.02420710325354769,0.1695677521445823,0.9284524938317744,1.0590596304064366,,
48,seasonal_persistence,causal,10,10,0.789686714376634,-0.3494835572465036,0.10283414675914038,0.9334916512812726,1.0782963168654864,,
48,seasonal_persistence,causal,11,11,0.7818948054998244,-0.35892105129448826,0.22561640846607012,0.9017329660981319,1.0320120426855264,,
48,seasonal_persistence,causal,12,12,0.7319902265073335,-0.9366846857491484,0.1833824395992929,1.1308832181645854,1.2847707183057322,,
48,ridge,causal,1,1,0.9585107250387195,-0.2779184510293371,0.09139784946236562,0.8647552425934643,0.9033875205741614,False,1.8276708209178967
48,ridge,causal,2,2,0.9114053378873029,0.3132356806710108,0.3514622204578536,0.5910045581354834,0.697610415841765,False,1.8276708209178967
48,ridge,causal,3,3,0.6956364734515332,-2.3112322815096595,-0.008084791718018014,1.6086172253891562,1.7552330506963774,False,1.8276708209178967
48,ridge,causal,4,4,0.6813614126621134,-3.29007631898416,-0.006638475878688821,1.818455847608886,1.947401759400384,False,1.8276708209178967
48,ridge,causal,5,5,0.643149744521317,-3.21631497306576,-0.008555212419664615,1.8311444743986423,1.9773318568450908,False,1.8276708209178967
48,ridge,causal,6,6,0.5880230621212629,-3.677738056870604,-0.008424008424008367,1.932477164055721,2.0863030943706735,False,1.8276708209178967
48,ridge,causal,7,7,0.4436112363197292,-4.923803907435867,-0.0026284169420245362,2.1734937064027053,2.3381417693849316,False,1.8276708209178967
48,ridge,causal,8,8,0.4943938106369922,-4.393215825740159,-0.0036836565929934117,2.11227079070165,2.278206394249016,False,1.8276708209178967
48,ridge,causal,9,9,0.39741357552636314,-3.8338911640069746,-0.008599918449049282,2.1420276621365173,2.357165204368275,False,1.8276708209178967
48,ridge,causal,10,10,0.5822381239439598,-4.340242408791734,-0.0037998967018373353,2.0028438729062907,2.145037103933124,False,1.8276708209178967
48,ridge,causal,11,11,0.7244223908865357,-4.602059245281381,-0.008098044177723196,1.983255116580097,2.095373758337847,False,1.8276708209178967
48,ridge,causal,12,12,0.5973116049826255,-8.471940338487935,-0.002738475581926192,2.7314136692686817,2.841290554712706,False,1.8276708209178967
48,mlp_11,causal,1,1,0.8704523907549778,-1.6632312109077594,0.024690623512613086,1.1844843309640143,1.304148218483089,True,1.590154613809788
48,mlp_11,causal,2,2,0.7774180776493805,-0.4497696561499318,0.20648511296470207,0.813840936932625,1.0135813186285743,True,1.590154613809788
48,mlp_11,causal,3,3,0.6335184556614604,-2.392020309971787,0.004037978827894695,1.5941636933866774,1.7765162577262676,True,1.590154613809788
48,mlp_11,causal,4,4,0.5940242477915298,-3.0674967673995814,-0.002750957441070234,1.7317704761519526,1.8962109806040117,True,1.590154613809788
48,mlp_11,causal,5,5,0.5161993180824255,-2.5835149903286205,-0.0063077155977191435,1.6247598088444752,1.822920180392751,True,1.590154613809788
48,mlp_11,causal,6,6,0.4684418839096408,-2.835081105758003,-0.013052305907376827,1.6857906688475297,1.8890642508484534,True,1.590154613809788
48,mlp_11,causal,7,7,0.4518961841958094,-3.182933316125381,-0.011131209127591468,1.7678754718710854,1.9647666328354492,True,1.590154613809788
48,mlp_11,causal,8,8,0.4543946186522063,-2.854614398789675,-0.016063151131304743,1.7162437035789633,1.9260148709214306,True,1.590154613809788
48,mlp_11,causal,9,9,0.4523353992770862,-1.9879721352920776,0.02370363578011081,1.587515883637324,1.8532322924037785,True,1.590154613809788
48,mlp_11,causal,10,10,0.4189033989147181,-2.239301098399132,-0.008306943870760586,1.4391965132387228,1.6706288705908974,True,1.590154613809788
48,mlp_11,causal,11,11,0.42140615903683726,-2.5361058956526703,0.0064929367377380975,1.454271126604529,1.6647548281554125,True,1.590154613809788
48,mlp_11,causal,12,12,0.3311960441556125,-5.359971913877355,-0.00469536900299139,2.155782342033442,2.328218680947413,True,1.590154613809788
48,extra_trees,causal,1,1,-0.137728086124174,-5.018901029954087,-0.0004933399111985981,1.7801578561614253,1.9605644235865871,False,1.797626416694424
48,extra_trees,causal,2,2,-0.1789105993206844,-3.681147039456026,0.012204536264382781,1.592746801412778,1.8213157201196943,False,1.797626416694424
48,extra_trees,causal,3,3,0.08258554738189999,-5.508453303552168,-0.005315029919042535,2.2621474991888455,2.46081440803092,False,1.797626416694424
48,extra_trees,causal,4,4,0.28288868720176014,-6.086621375503798,-0.008011576198206916,2.3345603598534557,2.502895191045533,False,1.797626416694424
48,extra_trees,causal,5,5,0.2303310862307067,-5.325149461478943,-0.005279645207842076,2.2310617485385404,2.4218566638838515,False,1.797626416694424
48,extra_trees,causal,6,6,0.20124532867864955,-5.550997161030228,0.0,2.27778623447853,2.4689549095899075,False,1.797626416694424
48,extra_trees,causal,7,7,0.23451072617621058,-5.860668676863531,0.0,2.3343211485298982,2.516249644977514,False,1.797626416694424
48,extra_trees,causal,8,8,0.15180057029558758,-5.453601776186072,-0.0002451495412203464,2.289069122520801,2.4921274456769593,False,1.797626416694424
48,extra_trees,causal,9,9,0.10022965410106185,-4.157720049713282,7.085916740479092e-05,2.179534709701598,2.4348402394146875,False,1.797626416694424
48,extra_trees,causal,10,10,0.10139996707089811,-4.849283411778874,-0.004042747662237334,2.0334327638791017,2.2449447411223487,False,1.797626416694424
48,extra_trees,causal,11,11,0.19876742148453241,-4.7372609824933605,-0.007620391603457399,1.9287266018639009,2.120508193736467,False,1.797626416694424
48,extra_trees,causal,12,12,0.17631457983077198,-7.435558287001429,-0.003654636820465962,2.5156681190791743,2.6813474025165562,False,1.797626416694424
