target_time,month,r,r2,kappa,mae,rmse,scale,input_years,protocol
2015-01-01,1,0.8648680273134272,0.7452453478525936,0.5503650538299716,0.10368636621816471,0.133029284668957,1,15,paper_like
2015-02-01,2,0.7901819694734598,0.6225043433513813,0.5573458210969124,0.11230001890764425,0.13549580447760798,1,15,paper_like
2015-03-01,3,0.9599954105830344,0.9208504342417912,0.7164429530201342,0.1097870943477592,0.14090734080178247,1,15,paper_like
2015-04-01,4,0.9423213602581717,0.887586671582427,0.7146131113925578,0.14341095789973113,0.19890939776677458,1,15,paper_like
2015-05-01,5,0.9123451796217693,0.8142143107727492,0.6184886280264124,0.13411765114356639,0.17085942252850406,1,15,paper_like
2015-06-01,6,0.8806873260892345,0.7746162735112025,0.6497622820919176,0.22687502654948583,0.3096173206552727,1,15,paper_like
2015-07-01,7,0.8139863057026081,0.6603060020588896,0.366447985004686,0.18068531228419019,0.2338611224070485,1,15,paper_like
2015-08-01,8,0.8378230745025191,0.699400116554431,0.6147315462620861,0.2368270904307214,0.2971120616212904,1,15,paper_like
2015-09-01,9,0.7870030043637539,0.5458982658664184,0.525194852274787,0.17949001967266728,0.2523014195852303,1,15,paper_like
2015-10-01,10,0.5547666878467872,-10.488038267324582,-0.07582130271683507,1.5840414845433393,1.6550931878700192,1,15,paper_like
2015-11-01,11,-0.00601329059241282,-9.750894943483907,-0.02229865970821976,1.389199731403561,1.51932640758765,1,15,paper_like
2015-12-01,12,-0.10533877931866456,-18.97267287941531,0.019728821073632052,1.678258289404716,1.7923849955049425,1,15,paper_like
2015-01-01,1,0.9550598905015973,0.9109543668619365,0.7896390255467963,0.10087332651106376,0.1270222172161424,3,15,paper_like
2015-02-01,2,0.8864582575631452,0.7839705233553368,0.6712268591151553,0.1132352834201066,0.14738722430571047,3,15,paper_like
2015-03-01,3,0.8481848227652571,0.7187151114491496,0.6449579831932772,0.10395740828740979,0.13755203902969976,3,15,paper_like
2015-04-01,4,0.9264803074155843,0.8573800755324439,0.6639268195678112,0.1062796885891619,0.127079721511773,3,15,paper_like
2015-05-01,5,0.948372594298924,0.899137563381666,0.7773092634075636,0.11605026659819712,0.14747880327517582,3,15,paper_like
2015-06-01,6,0.9418404228174043,0.885410332148443,0.6806605323693724,0.11335426257525863,0.14804799420953432,3,15,paper_like
2015-07-01,7,0.950467861990895,0.9010043839234305,0.7184647164656494,0.12695524799543872,0.16358509697839288,3,15,paper_like
2015-08-01,8,0.945821149650007,0.8915933383428074,0.7431900045024764,0.1695940116770048,0.22598079262404303,3,15,paper_like
2015-09-01,9,0.8878891904191346,0.5209757980278651,0.5176547337519367,0.2048517142675352,0.27041635992161095,3,15,paper_like
2015-10-01,10,0.11593452006175903,-1.4708958029153258,-0.0011392116655273288,0.6714962497136026,0.8423725777673337,3,15,paper_like
2015-11-01,11,0.4530458671237179,-1.239504319935964,-0.009621993127147954,0.7857576959271282,0.8792119706144388,3,15,paper_like
2015-12-01,12,-0.1667274096659022,-7.819387278492503,0.03028371055148249,1.0990024153049969,1.257729214721209,3,15,paper_like
2015-01-01,1,0.9677735579711031,0.9360981733493634,0.85580204778157,0.06369390086364476,0.08043434560337202,6,15,paper_like
2015-02-01,2,0.9756179533234579,0.9513513568207256,0.8426280393171237,0.06020983696971756,0.07926370509091635,6,15,paper_like
2015-03-01,3,0.9810147184283381,0.961242253443,0.9152032112393377,0.06318593369727153,0.08050984767262492,6,15,paper_like
2015-04-01,4,0.9762855002637291,0.9513656303386325,0.8794101324030762,0.07233951639984926,0.0934143537386475,6,15,paper_like
2015-05-01,5,0.9679705354230872,0.9362998084688806,0.7910405174053643,0.08138429542470212,0.10119463295428831,6,15,paper_like
2015-06-01,6,0.9290310314302274,0.8609070045630367,0.682468564821506,0.09966055337795617,0.1260705474151803,6,15,paper_like
2015-07-01,7,0.9763013236513028,0.9527931028877143,0.7927817464548459,0.07729210415589298,0.09736146273287044,6,15,paper_like
2015-08-01,8,0.9638020591313134,0.9286900027751837,0.7584235246069022,0.10609604121135151,0.12938876088638862,6,15,paper_like
2015-09-01,9,0.8344848030587515,0.5280146458540138,0.42491492824382304,0.2488652951487754,0.33926549577865417,6,15,paper_like
2015-10-01,10,0.4778711298659781,-0.6611003720609461,-0.06575644400906167,0.6898569898681882,0.83623759998607,6,15,paper_like
2015-11-01,11,0.19755957017924822,-9.594406818346803,0.006284223292051139,1.7705170190085533,1.8609800119814806,6,15,paper_like
2015-12-01,12,-0.40266619870752274,-10.633117982641876,0.007692593556059224,1.646688052150242,1.7981349642802924,6,15,paper_like
2015-01-01,1,0.9767157076992203,0.9535041394713651,0.8330420244699446,0.05279021001595591,0.06933509112857193,9,15,paper_like
2015-02-01,2,0.9791329544579082,0.9584863438488422,0.7883973288814692,0.05496530168856632,0.07300385683972202,9,15,paper_like
2015-03-01,3,0.9838624681097234,0.9674747080253585,0.8550848910992969,0.0580875875365971,0.07189488050520942,9,15,paper_like
2015-04-01,4,0.983518476721569,0.9580162984286285,0.8675103595027438,0.05479985952561109,0.06945503986023885,9,15,paper_like
2015-05-01,5,0.9885780788788215,0.9704125214301537,0.9162951956414067,0.05824788185562946,0.07153540481508987,9,15,paper_like
2015-06-01,6,0.9876707144665422,0.973360980336682,0.9264257727470614,0.05842636376174557,0.07525983132803411,9,15,paper_like
2015-07-01,7,0.9860708094326404,0.9705356654461162,0.9174343941931882,0.0693309167009008,0.08818868198060903,9,15,paper_like
2015-08-01,8,0.977034893293448,0.9543125789826942,0.8412101850981866,0.0675646961053307,0.08732912956166776,9,15,paper_like
2015-09-01,9,0.7420692871949424,0.2629305436351931,0.4766001376462492,0.22030054338380428,0.33348768048845306,9,15,paper_like
2015-10-01,10,0.36506082121366407,-3.2289200100656004,-0.08302575542486301,0.9278380578958387,1.0201184186959038,9,15,paper_like
2015-11-01,11,0.712665937018216,-0.8363329733516502,0.026006191950464386,0.8095523010901858,0.9336989586920378,9,15,paper_like
2015-12-01,12,0.4012792105871461,-20.115273050299194,-0.003984205471167845,2.2910361977605826,2.350103449367791,9,15,paper_like
2015-01-01,1,0.9820919511453293,0.9640202699097334,0.9138341264445955,0.04234302389031342,0.05319269309591805,12,15,paper_like
2015-02-01,2,0.9865105615898506,0.9731877601827466,0.9098426246999199,0.042272497094806974,0.05454556296004456,12,15,paper_like
2015-03-01,3,0.9916130523469235,0.9822654318893003,0.9072084085026276,0.040900244238904836,0.05290982093479029,12,15,paper_like
2015-04-01,4,0.9859816096850077,0.9625724811188417,0.8732726298875201,0.0527655468003197,0.06659357141013199,12,15,paper_like
2015-05-01,5,0.9938921148770599,0.9835339270782542,0.9347238315952106,0.04203342420108199,0.05392595087852558,12,15,paper_like
2015-06-01,6,0.9952277272501256,0.989650756851675,0.9491423412578995,0.037719361210695565,0.045600478610035064,12,15,paper_like
2015-07-01,7,0.9937329709576398,0.98549878659864,0.9550292708887707,0.03962554514169025,0.05031177565059457,12,15,paper_like
2015-08-01,8,0.990748507787509,0.9800467948193586,0.914696727517456,0.046388367060570736,0.060322106835624396,12,15,paper_like
2015-09-01,9,0.9804897657549826,0.9590920927638813,0.8438410690169877,0.07075593674704664,0.0987169147425211,12,15,paper_like
2015-10-01,10,0.8757280243780623,0.7168797315237482,0.5973999455485979,0.24387725119855558,0.30534712052927215,12,15,paper_like
2015-11-01,11,0.7313951582218171,-1.7219611796092087,-0.06257485029940124,0.8498946226582572,0.9301610034069134,12,15,paper_like
2015-12-01,12,0.5256967749896475,-6.043146179486578,-0.0364382143283819,1.2874877246914889,1.3608561250705682,12,15,paper_like
2015-01-01,1,0.9731983934414886,0.9466113500192551,,0.027801141508140424,0.03530462133312353,18,15,paper_like
2015-02-01,2,0.9768912545185242,0.9537928062692261,,0.02802430464075298,0.03748044224969185,18,15,paper_like
2015-03-01,3,0.9805256530089641,0.9563312259840854,,0.0284327986989798,0.03690604426439557,18,15,paper_like
2015-04-01,4,0.9689137970457263,0.9382028334972542,,0.03545887341052548,0.04487792206879658,18,15,paper_like
2015-05-01,5,0.9696472797913814,0.9395276358072813,0.0,0.04078705006067043,0.05298993256963978,18,15,paper_like
2015-06-01,6,0.9864282425994869,0.9714756934341552,0.8433371958285052,0.0426821689441649,0.055851214675009926,18,15,paper_like
2015-07-01,7,0.9901467268626973,0.9800213680911666,1.0,0.03765619587102651,0.04888461468188456,18,15,paper_like
2015-08-01,8,0.9931038931892874,0.9860936556681198,0.9671589584143023,0.03634490774128289,0.04605095928186619,18,15,paper_like
2015-09-01,9,0.9162329439190536,0.8058071757335274,0.6475622033654538,0.13878242448055936,0.20564928145866154,18,15,paper_like
2015-10-01,10,0.8925154297498089,0.7259064524681578,0.5648691174367044,0.18877883588730096,0.2537956863012091,18,15,paper_like
2015-11-01,11,0.7138087732709504,0.31176214624776155,0.11687126741871268,0.387557657745327,0.4654462857626411,18,15,paper_like
2015-12-01,12,0.6083902807379383,-0.12642056957582382,0.08589826142949142,0.5132479401029925,0.6322384867174563,18,15,paper_like
2015-01-01,1,0.9947377855796374,0.9890222860062234,,0.012205696796369363,0.015465471952566198,24,15,paper_like
2015-02-01,2,0.9953423507763196,0.9906634967464759,0.49401197604790426,0.013091866110006515,0.016186661840077162,24,15,paper_like
2015-03-01,3,0.9953114429259089,0.9899533287568382,0.718801996672213,0.012884956362065542,0.016127798584978564,24,15,paper_like
2015-04-01,4,0.9959566283994047,0.9917144136249002,-0.005952380952380931,0.011980071717624063,0.014815456954473694,24,15,paper_like
2015-05-01,5,0.9972579812815148,0.9944610989240146,0.8541846419327006,0.010816922892283028,0.013826072467521334,24,15,paper_like
2015-06-01,6,0.9978249374091749,0.995328526633766,0.8271983640081799,0.010202306043753894,0.013255108946599542,24,15,paper_like
2015-07-01,7,0.9979799070279887,0.9958277807115964,0.8511013215859031,0.009965639728036777,0.012635450412308158,24,15,paper_like
2015-08-01,8,0.9975715144167452,0.994605219075884,0.6576637407157326,0.011388024516970918,0.014603737831809994,24,15,paper_like
2015-09-01,9,0.9945711304917912,0.9862170867271074,0.7907552620718118,0.018644109032234527,0.024208403232482443,24,15,paper_like
2015-10-01,10,0.9315535310316725,0.6106498100382505,0.0,0.11035701473493748,0.1359149469283745,24,15,paper_like
2015-11-01,11,0.8054136290389571,-1.0692743701941891,0.0,0.32311188369902516,0.35632344839538105,24,15,paper_like
2015-12-01,12,0.7912078872436162,-3.511410382557841,-0.013751344009959698,0.8587101664722256,0.9110262827565945,24,15,paper_like
2015-01-01,1,0.9914746326587037,0.9828064899771178,,0.006818976127007189,0.008831984613888512,48,15,paper_like
2015-02-01,2,0.9958275737862515,0.9916560365746004,,0.005490061679655312,0.006991234528090019,48,15,paper_like
2015-03-01,3,0.997489259356313,0.9949550059666232,0.9545576767948373,0.004610176187348566,0.005826490769165632,48,15,paper_like
2015-04-01,4,0.997897116263399,0.9956680000278568,0.9521110796259563,0.0045703395022721645,0.005554113983953993,48,15,paper_like
2015-05-01,5,0.9987874933894,0.9975349284389485,0.929406850459482,0.003540011080583077,0.004432928929332515,48,15,paper_like
2015-06-01,6,0.9985952860865221,0.9971519408742802,0.9653972153972153,0.003800937405054248,0.004791423906704673,48,15,paper_like
2015-07-01,7,0.9989254365295278,0.9978485142843582,0.9660506227400563,0.0034397008271683767,0.004177335675064235,48,15,paper_like
2015-08-01,8,0.9984875299181473,0.9968264425753373,0.9678033911221186,0.004221180707036011,0.005163268672649011,48,15,paper_like
2015-09-01,9,0.9948391397349292,0.9856352878452557,0.9384335154826958,0.008298715448261674,0.01120094142431518,48,15,paper_like
2015-10-01,10,0.972964675045375,0.8408529932934995,0.7604535790219702,0.030990501990527237,0.03860239011018327,48,15,paper_like
2015-11-01,11,0.8920411310585755,0.6120982975885387,0.7190746640808976,0.06045386699984801,0.08471329349989307,48,15,paper_like
2015-12-01,12,0.741924206856071,-0.28217084946221616,0.6542081571409084,0.16715506795386395,0.20756613749659328,48,15,paper_like
