month,scale_name,reported_r,scale,month_number,known_months,unknown_months,known_fraction,escala
January,SPI-1,0.326,1,1,0,1,0.0,SPI-1
February,SPI-1,0.578,1,2,0,1,0.0,SPI-1
March,SPI-1,0.922,1,3,0,1,0.0,SPI-1
April,SPI-1,0.748,1,4,0,1,0.0,SPI-1
May,SPI-1,0.743,1,5,0,1,0.0,SPI-1
June,SPI-1,0.759,1,6,0,1,0.0,SPI-1
July,SPI-1,0.555,1,7,0,1,0.0,SPI-1
August,SPI-1,0.621,1,8,0,1,0.0,SPI-1
September,SPI-1,0.457,1,9,0,1,0.0,SPI-1
October,SPI-1,0.385,1,10,0,1,0.0,SPI-1
November,SPI-1,0.544,1,11,0,1,0.0,SPI-1
December,SPI-1,0.761,1,12,0,1,0.0,SPI-1
January,SPI-3,0.938,3,1,2,1,0.6666666666666666,SPI-3
February,SPI-3,0.62,3,2,1,2,0.3333333333333333,SPI-3
March,SPI-3,0.607,3,3,0,3,0.0,SPI-3
April,SPI-3,0.754,3,4,0,3,0.0,SPI-3
May,SPI-3,0.92,3,5,0,3,0.0,SPI-3
June,SPI-3,0.594,3,6,0,3,0.0,SPI-3
July,SPI-3,0.808,3,7,0,3,0.0,SPI-3
August,SPI-3,0.729,3,8,0,3,0.0,SPI-3
September,SPI-3,0.64,3,9,0,3,0.0,SPI-3
October,SPI-3,0.783,3,10,0,3,0.0,SPI-3
November,SPI-3,0.886,3,11,0,3,0.0,SPI-3
December,SPI-3,0.825,3,12,0,3,0.0,SPI-3
January,SPI-6,0.929,6,1,5,1,0.8333333333333334,SPI-6
February,SPI-6,0.956,6,2,4,2,0.6666666666666666,SPI-6
March,SPI-6,0.978,6,3,3,3,0.5,SPI-6
April,SPI-6,0.967,6,4,2,4,0.3333333333333333,SPI-6
May,SPI-6,0.934,6,5,1,5,0.16666666666666666,SPI-6
June,SPI-6,0.867,6,6,0,6,0.0,SPI-6
July,SPI-6,0.899,6,7,0,6,0.0,SPI-6
August,SPI-6,0.911,6,8,0,6,0.0,SPI-6
September,SPI-6,0.868,6,9,0,6,0.0,SPI-6
October,SPI-6,0.891,6,10,0,6,0.0,SPI-6
November,SPI-6,0.904,6,11,0,6,0.0,SPI-6
December,SPI-6,0.901,6,12,0,6,0.0,SPI-6
January,SPI-9,0.448,9,1,8,1,0.8888888888888888,SPI-9
February,SPI-9,0.028,9,2,7,2,0.7777777777777778,SPI-9
March,SPI-9,0.784,9,3,6,3,0.6666666666666666,SPI-9
April,SPI-9,0.744,9,4,5,4,0.5555555555555556,SPI-9
May,SPI-9,0.823,9,5,4,5,0.4444444444444444,SPI-9
June,SPI-9,0.459,9,6,3,6,0.3333333333333333,SPI-9
July,SPI-9,0.542,9,7,2,7,0.2222222222222222,SPI-9
August,SPI-9,-0.014,9,8,1,8,0.1111111111111111,SPI-9
September,SPI-9,0.527,9,9,0,9,0.0,SPI-9
October,SPI-9,0.734,9,10,0,9,0.0,SPI-9
November,SPI-9,0.822,9,11,0,9,0.0,SPI-9
December,SPI-9,0.581,9,12,0,9,0.0,SPI-9
January,SPI-12,0.932,12,1,11,1,0.9166666666666666,SPI-12
February,SPI-12,0.891,12,2,10,2,0.8333333333333334,SPI-12
March,SPI-12,0.94,12,3,9,3,0.75,SPI-12
April,SPI-12,0.925,12,4,8,4,0.6666666666666666,SPI-12
May,SPI-12,0.91,12,5,7,5,0.5833333333333334,SPI-12
June,SPI-12,0.906,12,6,6,6,0.5,SPI-12
July,SPI-12,0.885,12,7,5,7,0.4166666666666667,SPI-12
August,SPI-12,0.895,12,8,4,8,0.3333333333333333,SPI-12
September,SPI-12,0.928,12,9,3,9,0.25,SPI-12
October,SPI-12,0.919,12,10,2,10,0.16666666666666666,SPI-12
November,SPI-12,0.911,12,11,1,11,0.08333333333333333,SPI-12
December,SPI-12,0.915,12,12,0,12,0.0,SPI-12
January,SPI-18,0.899,18,1,17,1,0.9444444444444444,SPI-18
February,SPI-18,0.927,18,2,16,2,0.8888888888888888,SPI-18
March,SPI-18,0.884,18,3,15,3,0.8333333333333334,SPI-18
April,SPI-18,0.831,18,4,14,4,0.7777777777777778,SPI-18
May,SPI-18,0.823,18,5,13,5,0.7222222222222222,SPI-18
June,SPI-18,0.94,18,6,12,6,0.6666666666666666,SPI-18
July,SPI-18,0.882,18,7,11,7,0.6111111111111112,SPI-18
August,SPI-18,0.888,18,8,10,8,0.5555555555555556,SPI-18
September,SPI-18,0.957,18,9,9,9,0.5,SPI-18
October,SPI-18,0.921,18,10,8,10,0.4444444444444444,SPI-18
November,SPI-18,0.946,18,11,7,11,0.3888888888888889,SPI-18
December,SPI-18,0.914,18,12,6,12,0.3333333333333333,SPI-18
January,SPI-24,0.95,24,1,23,1,0.9583333333333334,SPI-24
February,SPI-24,0.982,24,2,22,2,0.9166666666666666,SPI-24
March,SPI-24,0.948,24,3,21,3,0.875,SPI-24
April,SPI-24,0.929,24,4,20,4,0.8333333333333334,SPI-24
May,SPI-24,0.933,24,5,19,5,0.7916666666666666,SPI-24
June,SPI-24,0.931,24,6,18,6,0.75,SPI-24
July,SPI-24,0.939,24,7,17,7,0.7083333333333334,SPI-24
August,SPI-24,0.926,24,8,16,8,0.6666666666666666,SPI-24
September,SPI-24,0.939,24,9,15,9,0.625,SPI-24
October,SPI-24,0.936,24,10,14,10,0.5833333333333334,SPI-24
November,SPI-24,0.904,24,11,13,11,0.5416666666666666,SPI-24
December,SPI-24,0.982,24,12,12,12,0.5,SPI-24
January,SPI-48,0.971,48,1,47,1,0.9791666666666666,SPI-48
February,SPI-48,0.959,48,2,46,2,0.9583333333333334,SPI-48
March,SPI-48,0.939,48,3,45,3,0.9375,SPI-48
April,SPI-48,0.958,48,4,44,4,0.9166666666666666,SPI-48
May,SPI-48,0.95,48,5,43,5,0.8958333333333334,SPI-48
June,SPI-48,0.942,48,6,42,6,0.875,SPI-48
July,SPI-48,0.953,48,7,41,7,0.8541666666666666,SPI-48
August,SPI-48,0.924,48,8,40,8,0.8333333333333334,SPI-48
September,SPI-48,0.95,48,9,39,9,0.8125,SPI-48
October,SPI-48,0.956,48,10,38,10,0.7916666666666666,SPI-48
November,SPI-48,0.948,48,11,37,11,0.7708333333333334,SPI-48
December,SPI-48,0.889,48,12,36,12,0.75,SPI-48
